duration_ms,data_size,n_queries,is_peak_hour,server_load,hour,day_of_week,month,operation_name_encoded
-0.9473910677274635,-0.1862428705265727,-0.7301152985719855,0.9960079680956174,-1.5102232649975555,-0.7318639603667187,-1.4744109743395644,1.174757281553398,4
0.22154296229401982,-1.123706983915361,-0.4219117662055829,-1.0040080320963853,-1.110569752869728,-1.3164198392538744,0.03522483556442637,1.174757281553398,1
-0.9956679462994275,0.4387332050659529,-0.7364051665794632,0.9960079680956174,0.6856258072553398,-0.7318639603667187,1.0416487088337536,-1.2524271844660195,6
1.014577088553975,-0.8112189461190983,-0.10741836583170257,0.9960079680956174,1.2199939863925475,-0.7318639603667187,-1.4744109743395644,-1.2524271844660195,1
-0.9195873556648683,0.4387332050659529,-0.7301152985719855,0.9960079680956174,0.43415842883783007,0.7295257368511704,1.0416487088337536,-1.2524271844660195,4
-1.0055118217566175,1.6886853562510042,-0.7364051665794632,0.9960079680956174,1.2469369197944236,-0.7318639603667187,1.0416487088337536,-1.2524271844660195,0
-1.0023177983369973,-0.1862428705265727,-0.7364051665794632,0.9960079680956174,-0.8635928633525313,0.43724779740759256,-0.4679871010702372,-0.03883495145631072,3
-0.9876043461908782,-1.123706983915361,-0.7301152985719855,-1.0040080320963853,-0.16307659490375498,1.0218036762947482,-1.4744109743395644,1.174757281553398,5
2.1315166061872155,1.6886853562510042,2.399094035148124,0.9960079680956174,1.0673173637819164,-0.7318639603667187,-0.4679871010702372,-1.2524271844660195,1
0.8660288190218043,-1.123706983915361,-0.4219117662055829,0.9960079680956174,-0.03285241679468744,-0.7318639603667187,-0.9711990377049008,1.174757281553398,1
-0.9947516281052741,0.4387332050659529,-0.7301152985719855,0.9960079680956174,0.27699131732688653,-1.0241418998102965,-0.9711990377049008,1.174757281553398,5
-1.0226338817273681,-0.1862428705265727,-0.7364051665794632,0.9960079680956174,1.2693893642959868,-0.7318639603667187,-1.4744109743395644,-0.03883495145631072,3
0.34757598476985174,-0.8112189461190983,-0.10741836583170257,-1.0040080320963853,1.754362165529755,1.314081615738326,-1.4744109743395644,-1.2524271844660195,1
-0.983860531854766,-1.123706983915361,-0.7364051665794632,-1.0040080320963853,0.937093185672849,1.314081615738326,-0.9711990377049008,1.174757281553398,6
0.9083103585520224,-0.1862428705265727,0.5215684349160581,0.9960079680956174,0.9146407411712857,0.14496985796401474,-1.4744109743395644,1.174757281553398,1
-0.9839128928944318,-0.1862428705265727,-0.7301152985719855,-1.0040080320963853,-1.2452844198791082,1.314081615738326,1.5448606454684173,-1.2524271844660195,4
-1.025382836309828,-1.123706983915361,-0.7364051665794632,-1.0040080320963853,1.3322562089003642,1.0218036762947482,1.0416487088337536,-1.2524271844660195,6
-1.038054207908977,-0.8112189461190983,-0.7364051665794632,-1.0040080320963853,-0.07775730579781417,-1.6086977786974521,-1.4744109743395644,1.174757281553398,0
1.7216867487221816,1.6886853562510042,2.399094035148124,0.9960079680956174,1.309803764398801,-1.0241418998102965,0.03522483556442637,1.174757281553398,1
0.9675045138943271,-0.8112189461190983,-0.10741836583170257,0.9960079680956174,0.5104967401431455,0.7295257368511704,-1.4744109743395644,1.174757281553398,1
1.6905057496011355,1.6886853562510042,2.399094035148124,0.9960079680956174,-0.9983075303619114,0.43724779740759256,1.0416487088337536,-0.03883495145631072,1
0.26471463949855806,-1.123706983915361,-0.4219117662055829,-1.0040080320963853,1.2648988753956742,1.6063595551819039,0.5384367721990899,-1.2524271844660195,1
0.8817894919612418,-0.8112189461190983,-0.10741836583170257,0.9960079680956174,0.2275959394234476,-0.4395860209231409,0.5384367721990899,-1.2524271844660195,1
1.1968720481508215,0.4387332050659529,1.1505552356638187,0.9960079680956174,-0.14511463930250426,0.14496985796401474,-0.4679871010702372,-0.03883495145631072,1
-1.0119522296355237,-1.123706983915361,-0.7301152985719855,-1.0040080320963853,-0.9309501968572214,-1.6086977786974521,-0.4679871010702372,-0.03883495145631072,5
1.341336156589052,0.4387332050659529,1.1505552356638187,0.9960079680956174,-0.23043392840844482,-1.0241418998102965,-0.9711990377049008,-1.2524271844660195,1
-0.991033994288995,-1.123706983915361,-0.7364051665794632,-1.0040080320963853,1.5028947871122453,-1.6086977786974521,0.03522483556442637,1.174757281553398,6
-0.7472933546442098,0.4387332050659529,-0.6986659585345976,0.9960079680956174,1.713947765426941,0.43724779740759256,-1.4744109743395644,-1.2524271844660195,2
1.4130446004115078,0.4387332050659529,1.1505552356638187,0.9960079680956174,-1.2677368643806717,-0.4395860209231409,1.0416487088337536,1.174757281553398,1
0.275684277308565,-1.123706983915361,-0.4219117662055829,-1.0040080320963853,-1.6449379320069357,1.0218036762947482,0.5384367721990899,-1.2524271844660195,1
1.6773631286449935,1.6886853562510042,2.399094035148124,0.9960079680956174,0.6003065181493991,-1.0241418998102965,0.5384367721990899,-1.2524271844660195,1
0.2244228194756446,-1.123706983915361,-0.4219117662055829,-1.0040080320963853,-0.3202437064146983,1.0218036762947482,1.5448606454684173,1.174757281553398,1
-0.9629684770280701,-0.1862428705265727,-0.7364051665794632,0.9960079680956174,0.5868350514484609,-0.4395860209231409,0.03522483556442637,-1.2524271844660195,6
0.5137699246694324,-0.1862428705265727,0.5215684349160581,-1.0040080320963853,0.10635273911500544,-1.3164198392538744,-0.4679871010702372,1.174757281553398,1
-0.8481407170407417,-0.1862428705265727,-0.7112456945495528,-1.0040080320963853,1.170598608489108,-1.3164198392538744,-1.4744109743395644,-0.03883495145631072,2
-0.9540671002848664,1.6886853562510042,-0.7364051665794632,-1.0040080320963853,-1.451846909293491,-1.6086977786974521,-1.4744109743395644,1.174757281553398,6
-0.9894369825791848,-1.123706983915361,-0.7364051665794632,-1.0040080320963853,-1.0656648638666013,-1.3164198392538744,0.03522483556442637,-1.2524271844660195,0
1.161057097019343,-0.1862428705265727,0.5215684349160581,0.9960079680956174,1.1526366528878573,0.7295257368511704,0.5384367721990899,-1.2524271844660195,1
1.164879452914954,-0.1862428705265727,0.5215684349160581,0.9960079680956174,-0.2888102841125096,-1.0241418998102965,1.0416487088337536,1.174757281553398,1
0.29330376715614176,-1.123706983915361,-0.4219117662055829,-1.0040080320963853,0.2680103395262612,1.6063595551819039,1.5448606454684173,1.174757281553398,1
0.33563766772602566,-0.8112189461190983,-0.10741836583170257,-1.0040080320963853,-0.9264597079569087,-1.6086977786974521,1.5448606454684173,-1.2524271844660195,1
2.314832606057547,1.6886853562510042,2.399094035148124,0.9960079680956174,1.08976980828348,0.14496985796401474,-0.9711990377049008,-1.2524271844660195,1
-0.9481241222827862,-0.8112189461190983,-0.7301152985719855,-1.0040080320963853,0.8158499853644068,1.6063595551819039,-0.4679871010702372,-0.03883495145631072,4
0.31466707133983096,-0.8112189461190983,-0.10741836583170257,-1.0040080320963853,-1.1060792639694155,1.6063595551819039,-0.9711990377049008,-1.2524271844660195,1
-0.9785982473683427,-0.1862428705265727,-0.7364051665794632,0.9960079680956174,-1.573090109601933,-0.7318639603667187,-0.9711990377049008,-0.03883495145631072,0
-0.9223624907671613,1.6886853562510042,-0.7364051665794632,0.9960079680956174,1.660061898623189,0.14496985796401474,1.0416487088337536,-0.03883495145631072,0
0.5241635910431145,-0.1862428705265727,0.5215684349160581,-1.0040080320963853,-0.6974447740409626,-1.6086977786974521,-0.4679871010702372,-0.03883495145631072,1
-1.027739083094794,-1.123706983915361,-0.7364051665794632,0.9960079680956174,0.04348589451062801,0.14496985796401474,0.03522483556442637,-1.2524271844660195,6
-1.0050143918797914,-0.8112189461190983,-0.7301152985719855,-1.0040080320963853,0.5598921180465849,-0.1473080814795631,-0.9711990377049008,1.174757281553398,5
1.0231381185393504,-0.1862428705265727,0.5215684349160581,0.9960079680956174,-1.3665276201875503,0.7295257368511704,1.5448606454684173,-0.03883495145631072,1
0.8006036999592567,0.4387332050659529,1.1505552356638187,-1.0040080320963853,-0.365148595417825,1.314081615738326,-1.4744109743395644,-1.2524271844660195,1
-0.9851957383662465,-0.1862428705265727,-0.7364051665794632,0.9960079680956174,-0.2349244173087575,-0.7318639603667187,-0.9711990377049008,1.174757281553398,0
0.7400219770658053,0.4387332050659529,1.1505552356638187,-1.0040080320963853,0.4476298955387681,1.6063595551819039,0.5384367721990899,-1.2524271844660195,1
0.335873292404522,-0.8112189461190983,-0.10741836583170257,-1.0040080320963853,-0.9444216635581594,1.314081615738326,1.5448606454684173,-1.2524271844660195,1
0.6806445580846698,-1.123706983915361,-0.4219117662055829,0.9960079680956174,-0.04632388349562546,0.43724779740759256,0.03522483556442637,-1.2524271844660195,1
0.28016114619999977,-1.123706983915361,-0.4219117662055829,-1.0040080320963853,0.03450491671000266,-1.3164198392538744,-1.4744109743395644,-1.2524271844660195,1
0.3511627159869662,-0.8112189461190983,-0.10741836583170257,-1.0040080320963853,0.3129152285293879,-1.3164198392538744,1.0416487088337536,-0.03883495145631072,1
-0.9358192779612986,1.6886853562510042,-0.7364051665794632,-1.0040080320963853,-0.22145295060781947,1.6063595551819039,0.03522483556442637,-0.03883495145631072,3
1.2498876008125497,0.4387332050659529,1.1505552356638187,0.9960079680956174,0.04797638341094068,0.43724779740759256,1.5448606454684173,1.174757281553398,1
-0.972838533005093,0.4387332050659529,-0.7364051665794632,-1.0040080320963853,1.381651586803803,-1.3164198392538744,0.03522483556442637,-1.2524271844660195,0
0.7563062604019016,-0.8112189461190983,-0.10741836583170257,0.9960079680956174,-0.6345779294365852,-0.7318639603667187,0.5384367721990899,-1.2524271844660195,1
0.8165214560176918,-1.123706983915361,-0.4219117662055829,0.9960079680956174,1.3412371867009896,-0.7318639603667187,1.5448606454684173,1.174757281553398,1
-1.0333155338192126,-1.123706983915361,-0.7364051665794632,-1.0040080320963853,-0.3202437064146983,-0.1473080814795631,0.5384367721990899,-0.03883495145631072,3
-0.974540266794235,1.6886853562510042,-0.7364051665794632,0.9960079680956174,0.5778540736478356,-0.7318639603667187,1.0416487088337536,-0.03883495145631072,6
-0.9312638675103649,-0.8112189461190983,-0.7301152985719855,0.9960079680956174,0.30393425072876257,0.43724779740759256,1.0416487088337536,1.174757281553398,5
-0.9849077526480841,0.4387332050659529,-0.7301152985719855,0.9960079680956174,-0.19001952830563076,-1.0241418998102965,0.03522483556442637,-0.03883495145631072,4
1.5781913195177708,0.4387332050659529,1.1505552356638187,0.9960079680956174,-1.7527096656144399,-0.4395860209231409,0.03522483556442637,-0.03883495145631072,1
-1.0554118925582243,-0.8112189461190983,-0.7364051665794632,-1.0040080320963853,1.5882140762181862,1.314081615738326,1.5448606454684173,1.174757281553398,0
0.21460512453828753,-1.123706983915361,-0.4219117662055829,-1.0040080320963853,0.20065300602157157,1.0218036762947482,0.03522483556442637,-1.2524271844660195,1
0.5303683742435242,-0.1862428705265727,0.5215684349160581,-1.0040080320963853,0.9685266079750378,-0.1473080814795631,-1.4744109743395644,1.174757281553398,1
0.5734091488488975,-0.1862428705265727,0.5215684349160581,-1.0040080320963853,1.6196474985203748,-1.3164198392538744,-0.4679871010702372,-0.03883495145631072,1
0.36535255773642616,-0.8112189461190983,-0.10741836583170257,-1.0040080320963853,0.9505646523737871,-1.3164198392538744,1.0416487088337536,1.174757281553398,1
-0.9773677629361938,-1.123706983915361,-0.7364051665794632,-1.0040080320963853,-0.4953727735268923,1.0218036762947482,-0.9711990377049008,-0.03883495145631072,6
-1.0485264158421579,-1.123706983915361,-0.7364051665794632,0.9960079680956174,-0.17205757270438007,0.14496985796401474,0.5384367721990899,-0.03883495145631072,0
0.35799583166336674,-0.8112189461190983,-0.10741836583170257,-1.0040080320963853,1.480442342610682,1.6063595551819039,1.5448606454684173,1.174757281553398,1
-0.9828918526209468,0.4387332050659529,-0.7364051665794632,-1.0040080320963853,1.5343282094144342,1.6063595551819039,0.5384367721990899,-0.03883495145631072,3
1.5499163580981818,0.4387332050659529,1.1505552356638187,0.9960079680956174,-0.05081437239593813,-0.7318639603667187,0.03522483556442637,1.174757281553398,1
1.302876972954445,0.4387332050659529,1.1505552356638187,0.9960079680956174,-0.8321594410503426,-0.7318639603667187,0.03522483556442637,-0.03883495145631072,1
0.3286212884107943,-0.8112189461190983,-0.10741836583170257,-1.0040080320963853,-0.9623836191594101,-1.3164198392538744,1.5448606454684173,-0.03883495145631072,1
1.5230027837099072,0.4387332050659529,1.1505552356638187,0.9960079680956174,-0.7243877074428386,0.43724779740759256,-1.4744109743395644,-1.2524271844660195,1
-0.9081988295375341,1.6886853562510042,-0.7364051665794632,0.9960079680956174,-0.19451001720594344,0.7295257368511704,-0.9711990377049008,1.174757281553398,3
0.37888788649006266,-0.8112189461190983,-0.10741836583170257,-1.0040080320963853,1.5927045651184988,-1.3164198392538744,-0.9711990377049008,-0.03883495145631072,1
-0.9287767181262345,-0.8112189461190983,-0.723825430564508,-1.0040080320963853,0.3174057174297006,1.6063595551819039,-0.4679871010702372,1.174757281553398,2
-0.8641631951785084,-0.1862428705265727,-0.7112456945495528,0.9960079680956174,-1.6628998876081864,-0.7318639603667187,-0.9711990377049008,1.174757281553398,2
0.6116588883248407,-0.1862428705265727,0.5215684349160581,-1.0040080320963853,-1.4563373981938037,1.6063595551819039,0.5384367721990899,1.174757281553398,1
1.0972289896666054,-0.1862428705265727,0.5215684349160581,0.9960079680956174,-1.4159229980909895,0.43724779740759256,0.03522483556442637,-1.2524271844660195,1
0.7826700438736847,0.4387332050659529,1.1505552356638187,-1.0040080320963853,1.08976980828348,-1.3164198392538744,1.5448606454684173,1.174757281553398,1
-0.9865047643578941,-0.8112189461190983,-0.7301152985719855,-1.0040080320963853,0.3982345176353287,-1.3164198392538744,0.03522483556442637,-0.03883495145631072,4
-0.9719483953307727,0.4387332050659529,-0.7364051665794632,0.9960079680956174,-1.6090140208044343,0.43724779740759256,-1.4744109743395644,-0.03883495145631072,3
-1.0228433258860319,-0.8112189461190983,-0.7301152985719855,-1.0040080320963853,-1.2003795308759815,1.314081615738326,-1.4744109743395644,1.174757281553398,4
0.6907764192600223,-1.123706983915361,-0.4219117662055829,0.9960079680956174,0.7170592295575285,0.14496985796401474,1.5448606454684173,-0.03883495145631072,1
-1.0401224689757804,-1.123706983915361,-0.7364051665794632,-1.0040080320963853,0.2949532729281372,1.314081615738326,-0.4679871010702372,-0.03883495145631072,3
-0.8439256533476364,0.4387332050659529,-0.6986659585345976,-1.0040080320963853,1.143655675087232,-1.3164198392538744,-0.4679871010702372,1.174757281553398,2
0.9148816690300934,-0.8112189461190983,-0.10741836583170257,0.9960079680956174,0.6497018960528385,-0.4395860209231409,1.0416487088337536,-0.03883495145631072,1
-1.005197655518622,1.6886853562510042,-0.7364051665794632,0.9960079680956174,0.3443486508315766,0.7295257368511704,-0.9711990377049008,-1.2524271844660195,0
0.3909047450933878,-0.8112189461190983,-0.10741836583170257,-1.0040080320963853,0.5913255403487736,1.314081615738326,-0.4679871010702372,1.174757281553398,1
0.7044950116524894,-1.123706983915361,-0.4219117662055829,0.9960079680956174,0.45661087333939343,-1.0241418998102965,0.03522483556442637,-0.03883495145631072,1
0.6240160936859942,-1.123706983915361,-0.4219117662055829,0.9960079680956174,-0.6390684183368979,0.43724779740759256,-0.9711990377049008,1.174757281553398,1
-1.0305927597565856,0.4387332050659529,-0.7364051665794632,0.9960079680956174,-0.37412957321845036,0.7295257368511704,-0.9711990377049008,-0.03883495145631072,0
-0.9709797160969534,1.6886853562510042,-0.7301152985719855,0.9960079680956174,0.42068696213689205,0.43724779740759256,0.03522483556442637,-0.03883495145631072,4
-0.8756040823455086,-0.1862428705265727,-0.7112456945495528,0.9960079680956174,1.6735333653241269,0.7295257368511704,1.5448606454684173,1.174757281553398,2
-0.8834058772557284,-0.8112189461190983,-0.723825430564508,0.9960079680956174,-1.4159229980909895,-0.4395860209231409,-0.4679871010702372,-1.2524271844660195,2
-1.0032864775708163,-0.8112189461190983,-0.7301152985719855,0.9960079680956174,-0.09122877249875219,0.43724779740759256,1.5448606454684173,1.174757281553398,5
1.181896790806373,0.4387332050659529,1.1505552356638187,0.9960079680956174,-1.3350941978853617,0.7295257368511704,-1.4744109743395644,1.174757281553398,1
0.8200820067149733,0.4387332050659529,1.1505552356638187,-1.0040080320963853,-0.8097069965487792,-0.1473080814795631,1.5448606454684173,1.174757281553398,1
1.2457510786789434,1.6886853562510042,2.399094035148124,-1.0040080320963853,0.11084322801531811,1.0218036762947482,0.5384367721990899,-0.03883495145631072,1
1.9357124983565661,1.6886853562510042,2.399094035148124,0.9960079680956174,-0.45046788452376557,0.7295257368511704,0.03522483556442637,-1.2524271844660195,1
-0.986583305917393,-1.123706983915361,-0.7364051665794632,-1.0040080320963853,1.727419232127879,-0.1473080814795631,-0.4679871010702372,1.174757281553398,3
-1.0203038154622355,-0.8112189461190983,-0.7301152985719855,0.9960079680956174,1.3142942532991135,0.43724779740759256,-0.9711990377049008,1.174757281553398,5
1.6115453017849513,1.6886853562510042,2.399094035148124,0.9960079680956174,0.9819980746759758,0.43724779740759256,-0.4679871010702372,1.174757281553398,1
1.1827607479608602,1.6886853562510042,2.399094035148124,-1.0040080320963853,0.5958160292490864,1.6063595551819039,-0.9711990377049008,-1.2524271844660195,1
-1.0326610208233888,0.4387332050659529,-0.7364051665794632,0.9960079680956174,1.7588526544300678,0.7295257368511704,1.0416487088337536,1.174757281553398,0
-0.9908507306501642,-1.123706983915361,-0.7364051665794632,-1.0040080320963853,-0.7468401519444018,1.314081615738326,-0.4679871010702372,-1.2524271844660195,3
0.5435109951996662,-0.1862428705265727,0.5215684349160581,-1.0040080320963853,0.08390029461344206,-1.6086977786974521,0.5384367721990899,-0.03883495145631072,1
-0.8648700692139981,-0.8112189461190983,-0.723825430564508,0.9960079680956174,1.453499409208806,-1.0241418998102965,1.0416487088337536,1.174757281553398,2
0.7488448122495103,0.4387332050659529,1.1505552356638187,-1.0040080320963853,1.0673173637819164,1.314081615738326,1.0416487088337536,-0.03883495145631072,1
-0.9052404307964105,1.6886853562510042,-0.7301152985719855,0.9960079680956174,0.6541923849531511,-1.0241418998102965,-1.4744109743395644,1.174757281553398,5
1.4003732288123591,-0.1862428705265727,0.5215684349160581,0.9960079680956174,-0.5357871736297064,-0.7318639603667187,-0.4679871010702372,-1.2524271844660195,1
0.6152194390221223,-0.1862428705265727,0.5215684349160581,-1.0040080320963853,0.20963398382219692,-1.6086977786974521,0.03522483556442637,1.174757281553398,1
-0.9760587369445463,-1.123706983915361,-0.7301152985719855,-1.0040080320963853,0.35782011753251464,1.0218036762947482,-0.9711990377049008,-0.03883495145631072,5
0.32961614816444645,-0.8112189461190983,-0.10741836583170257,-1.0040080320963853,1.1885605640903587,1.0218036762947482,-0.9711990377049008,1.174757281553398,1
-1.037452055952819,-1.123706983915361,-0.7301152985719855,0.9960079680956174,1.4445184314081807,-0.4395860209231409,-1.4744109743395644,-0.03883495145631072,5
1.2747329141340213,0.4387332050659529,1.1505552356638187,0.9960079680956174,-0.8456309077512806,-1.0241418998102965,-1.4744109743395644,-0.03883495145631072,1
1.523604935666065,0.4387332050659529,1.1505552356638187,0.9960079680956174,0.883207318869097,-0.4395860209231409,-0.4679871010702372,-1.2524271844660195,1
1.3645582776808804,0.4387332050659529,1.1505552356638187,0.9960079680956174,-0.19001952830563076,0.7295257368511704,0.03522483556442637,-1.2524271844660195,1
-1.002422520416329,-0.1862428705265727,-0.7301152985719855,-1.0040080320963853,-0.9848360636609734,1.0218036762947482,-0.4679871010702372,1.174757281553398,5
1.2369806045349043,1.6886853562510042,2.399094035148124,-1.0040080320963853,1.1346746972866066,-0.1473080814795631,-0.9711990377049008,-1.2524271844660195,1
-1.0329228260217185,0.4387332050659529,-0.7364051665794632,-1.0040080320963853,-1.4742993537950544,-1.3164198392538744,0.5384367721990899,-1.2524271844660195,0
-0.744465858502251,0.4387332050659529,-0.6986659585345976,0.9960079680956174,0.8427929187662828,0.43724779740759256,-0.9711990377049008,1.174757281553398,2
0.73261288995308,0.4387332050659529,1.1505552356638187,-1.0040080320963853,-1.7078047766113131,1.314081615738326,0.03522483556442637,-0.03883495145631072,1
1.688254224895502,0.4387332050659529,1.1505552356638187,0.9960079680956174,1.4130850091059919,0.43724779740759256,-0.4679871010702372,-1.2524271844660195,1
-1.0023177983369973,0.4387332050659529,-0.7301152985719855,0.9960079680956174,0.47906331784095685,-0.4395860209231409,-1.4744109743395644,-0.03883495145631072,4
-1.023366936282691,-1.123706983915361,-0.7301152985719855,-1.0040080320963853,-1.5775805985022455,-0.1473080814795631,1.5448606454684173,-1.2524271844660195,4
-0.6817896940221634,1.6886853562510042,-0.6735064865046871,0.9960079680956174,-1.8155765102188173,-0.7318639603667187,1.5448606454684173,-1.2524271844660195,2
-0.9323896298631819,-0.8112189461190983,-0.723825430564508,0.9960079680956174,-1.7706716212156905,0.7295257368511704,0.5384367721990899,1.174757281553398,2
-0.8207558932954737,1.6886853562510042,-0.6735064865046871,-1.0040080320963853,-0.31126272861407295,-0.1473080814795631,1.5448606454684173,-0.03883495145631072,2
0.6656431202203882,-1.123706983915361,-0.4219117662055829,0.9960079680956174,-1.0297409526641,0.43724779740759256,-0.9711990377049008,1.174757281553398,1
-0.8957107215772159,1.6886853562510042,-0.7301152985719855,0.9960079680956174,-0.29330077301282226,-0.4395860209231409,0.03522483556442637,-1.2524271844660195,5
0.81641673393836,0.4387332050659529,1.1505552356638187,-1.0040080320963853,-1.3710181090878628,-1.3164198392538744,0.03522483556442637,-0.03883495145631072,1
-0.9899344124560109,1.6886853562510042,-0.7364051665794632,-1.0040080320963853,-0.010399972293124074,1.6063595551819039,-1.4744109743395644,1.174757281553398,6
0.26680908108519424,-1.123706983915361,-0.4219117662055829,-1.0040080320963853,-0.27982930631188424,1.314081615738326,-1.4744109743395644,1.174757281553398,1
-0.966345764086521,-0.1862428705265727,-0.7364051665794632,0.9960079680956174,-0.908497752355658,0.43724779740759256,0.5384367721990899,-0.03883495145631072,3
-1.0249115869528351,0.4387332050659529,-0.7301152985719855,-1.0040080320963853,0.8517738965669082,-1.3164198392538744,0.5384367721990899,-1.2524271844660195,5
0.7060134818028004,-0.8112189461190983,-0.10741836583170257,0.9960079680956174,-0.3471866398165743,0.7295257368511704,-0.9711990377049008,1.174757281553398,1
-1.0202776349424025,-1.123706983915361,-0.7364051665794632,0.9960079680956174,0.5329491846447089,-0.4395860209231409,-1.4744109743395644,1.174757281553398,3
0.2871513449953979,-1.123706983915361,-0.4219117662055829,-1.0040080320963853,0.23657691722407295,-0.1473080814795631,-0.9711990377049008,-0.03883495145631072,1
-0.9533078652097108,1.6886853562510042,-0.7364051665794632,-1.0040080320963853,0.5374396735450215,1.0218036762947482,1.0416487088337536,1.174757281553398,6
-0.996453361894416,-0.8112189461190983,-0.7301152985719855,0.9960079680956174,1.3008227865981756,-0.4395860209231409,-0.4679871010702372,-0.03883495145631072,4
-0.9545121691220265,-1.123706983915361,-0.7364051665794632,0.9960079680956174,-0.47292032902532893,-1.0241418998102965,0.5384367721990899,-1.2524271844660195,3
0.33600419500368695,-0.8112189461190983,-0.10741836583170257,-1.0040080320963853,-1.519204242798181,-0.1473080814795631,-0.9711990377049008,-0.03883495145631072,1
0.308567010218753,-0.8112189461190983,-0.10741836583170257,-1.0040080320963853,-0.3022817508134476,1.0218036762947482,0.03522483556442637,-1.2524271844660195,1
-1.0274772778964643,-0.1862428705265727,-0.7364051665794632,0.9960079680956174,0.6137779848503371,-0.7318639603667187,-0.9711990377049008,-0.03883495145631072,3
0.5358924639282772,-0.1862428705265727,0.5215684349160581,-1.0040080320963853,-0.7423496630440891,-1.6086977786974521,1.5448606454684173,1.174757281553398,1
0.7139199987923522,-0.8112189461190983,-0.10741836583170257,0.9960079680956174,-1.3620371312872375,-0.4395860209231409,-1.4744109743395644,-0.03883495145631072,1
-0.6201607503353939,1.6886853562510042,-0.6735064865046871,0.9960079680956174,-1.6718808654088118,0.7295257368511704,-1.4744109743395644,-1.2524271844660195,2
0.2589287446154755,-1.123706983915361,-0.4219117662055829,-1.0040080320963853,-0.32473419531501097,-0.1473080814795631,0.03522483556442637,1.174757281553398,1
0.2166210245654248,-1.123706983915361,-0.4219117662055829,-1.0040080320963853,1.480442342610682,-0.1473080814795631,1.0416487088337536,1.174757281553398,1
0.6648053435857336,-1.123706983915361,-0.4219117662055829,0.9960079680956174,0.8562643854672208,-0.7318639603667187,-1.4744109743395644,-1.2524271844660195,1
0.35681770827088377,-0.8112189461190983,-0.10741836583170257,-1.0040080320963853,1.4310469647072426,-1.3164198392538744,0.5384367721990899,-1.2524271844660195,1
0.650458418717276,-0.8112189461190983,-0.10741836583170257,0.9960079680956174,0.9011692744703477,-0.7318639603667187,-1.4744109743395644,-1.2524271844660195,1
1.5719865363173608,0.4387332050659529,1.1505552356638187,0.9960079680956174,0.20514349492188425,0.43724779740759256,1.0416487088337536,-0.03883495145631072,1
-1.0144393790196542,-0.1862428705265727,-0.7364051665794632,-1.0040080320963853,0.4431394066384554,1.314081615738326,-1.4744109743395644,-0.03883495145631072,6
-1.006218695792107,-1.123706983915361,-0.7364051665794632,-1.0040080320963853,-1.6179949986050597,-0.1473080814795631,1.0416487088337536,-0.03883495145631072,6
-0.9866618474768919,-1.123706983915361,-0.7301152985719855,-1.0040080320963853,1.6016855429191241,1.0218036762947482,1.0416487088337536,-0.03883495145631072,4
-0.9609787575207658,0.4387332050659529,-0.7301152985719855,-1.0040080320963853,-1.2812083310816096,1.0218036762947482,0.03522483556442637,-0.03883495145631072,4
0.3015244503836887,-1.123706983915361,-0.4219117662055829,-1.0040080320963853,-1.6853523321097497,-0.1473080814795631,0.5384367721990899,-1.2524271844660195,1
-0.9700633979028,1.6886853562510042,-0.7364051665794632,0.9960079680956174,-0.6076349960347092,0.7295257368511704,0.03522483556442637,-0.03883495145631072,3
-1.0077895269820842,-0.1862428705265727,-0.7301152985719855,-1.0040080320963853,-0.9174787301562833,-1.3164198392538744,1.0416487088337536,1.174757281553398,5
-1.046877043092682,-0.8112189461190983,-0.7364051665794632,-1.0040080320963853,-0.7109162407419006,-0.1473080814795631,-0.4679871010702372,1.174757281553398,6
-0.9174143725187333,0.4387332050659529,-0.7301152985719855,0.9960079680956174,1.0179219858784772,-1.0241418998102965,-0.9711990377049008,-0.03883495145631072,5
-0.9511087015437428,1.6886853562510042,-0.7301152985719855,-1.0040080320963853,-0.5223157069287684,-1.3164198392538744,-1.4744109743395644,-0.03883495145631072,5
0.40260743745871724,-0.8112189461190983,-0.10741836583170257,-1.0040080320963853,-1.2677368643806717,-0.1473080814795631,0.5384367721990899,-0.03883495145631072,1
0.8393246887921932,-1.123706983915361,-0.4219117662055829,0.9960079680956174,1.3232752310997389,0.7295257368511704,1.5448606454684173,1.174757281553398,1
-0.9415789923245481,0.4387332050659529,-0.7364051665794632,0.9960079680956174,0.7664546074609679,-1.0241418998102965,-0.4679871010702372,1.174757281553398,6
0.5881487815148496,-0.1862428705265727,0.5215684349160581,-1.0040080320963853,0.8652453632678463,1.314081615738326,0.03522483556442637,-0.03883495145631072,1
1.8774870222480804,1.6886853562510042,2.399094035148124,0.9960079680956174,0.6137779848503371,-0.7318639603667187,0.03522483556442637,-0.03883495145631072,1
-0.9752471408297246,0.4387332050659529,-0.7364051665794632,0.9960079680956174,1.0538458970809785,-0.4395860209231409,0.03522483556442637,-0.03883495145631072,3
0.5799542788071356,-0.1862428705265727,0.5215684349160581,-1.0040080320963853,0.7305306962584666,-1.6086977786974521,-0.9711990377049008,-0.03883495145631072,1
-0.9571825821449877,-0.1862428705265727,-0.7301152985719855,-1.0040080320963853,-1.2946797977825477,-1.3164198392538744,1.0416487088337536,-0.03883495145631072,4
1.0465696837898428,-0.8112189461190983,-0.10741836583170257,0.9960079680956174,-0.4819013068259543,0.43724779740759256,1.5448606454684173,-0.03883495145631072,1
0.22214511425017774,-1.123706983915361,-0.4219117662055829,-1.0040080320963853,0.5104967401431455,-0.1473080814795631,-0.9711990377049008,-0.03883495145631072,1
-0.9092198698110193,-1.123706983915361,-0.7301152985719855,0.9960079680956174,-0.21247197280719413,-0.4395860209231409,1.0416487088337536,-1.2524271844660195,2
0.2254438597491297,-1.123706983915361,-0.4219117662055829,-1.0040080320963853,0.07042882791250404,-1.6086977786974521,1.0416487088337536,-1.2524271844660195,1
0.9814849114851236,-0.1862428705265727,0.5215684349160581,0.9960079680956174,-0.18103855050500542,-0.7318639603667187,0.5384367721990899,-0.03883495145631072,1
0.7783764386210805,0.4387332050659529,1.1505552356638187,-1.0040080320963853,0.7574736296603426,1.0218036762947482,-1.4744109743395644,1.174757281553398,1
0.23557572092448223,-1.123706983915361,-0.4219117662055829,-1.0040080320963853,0.5778540736478356,1.0218036762947482,0.5384367721990899,1.174757281553398,1
-0.9786506084080085,-1.123706983915361,-0.7364051665794632,0.9960079680956174,1.3142942532991135,0.7295257368511704,-0.9711990377049008,1.174757281553398,0
0.7488186317296773,0.4387332050659529,1.1505552356638187,-1.0040080320963853,-0.5851825515331458,-0.1473080814795631,1.5448606454684173,-1.2524271844660195,1
-0.9771059577378642,-1.123706983915361,-0.7301152985719855,-1.0040080320963853,0.13778616141719416,1.0218036762947482,-0.4679871010702372,-0.03883495145631072,5
-0.8508373105835358,0.4387332050659529,-0.6986659585345976,-1.0040080320963853,0.7484926518597173,1.6063595551819039,1.5448606454684173,-1.2524271844660195,2
-1.0061401542326083,-0.1862428705265727,-0.7301152985719855,0.9960079680956174,0.025523938909377313,-0.7318639603667187,1.0416487088337536,-1.2524271844660195,4
-0.9625757692305759,0.4387332050659529,-0.7364051665794632,0.9960079680956174,-1.653918909807561,-0.4395860209231409,-0.4679871010702372,-0.03883495145631072,6
-1.0214295778150524,-1.123706983915361,-0.7364051665794632,-1.0040080320963853,1.6106665207197495,-0.1473080814795631,-1.4744109743395644,-0.03883495145631072,0
0.9074202208777019,-0.8112189461190983,-0.10741836583170257,0.9960079680956174,0.7889070519625313,0.43724779740759256,1.5448606454684173,1.174757281553398,1
1.9839893769285302,1.6886853562510042,2.399094035148124,0.9960079680956174,-0.7243877074428386,-1.0241418998102965,1.0416487088337536,-1.2524271844660195,1
-1.0141513933014916,-0.8112189461190983,-0.7364051665794632,-1.0040080320963853,1.4490089203084933,1.6063595551819039,1.5448606454684173,-0.03883495145631072,3
-0.9501662028297565,-0.1862428705265727,-0.7364051665794632,-1.0040080320963853,-0.365148595417825,1.314081615738326,0.5384367721990899,-1.2524271844660195,3
-1.0352267117670182,-0.8112189461190983,-0.7301152985719855,-1.0040080320963853,-1.6988237988106878,-1.6086977786974521,1.0416487088337536,1.174757281553398,5
0.5528836212998629,-0.1862428705265727,0.5215684349160581,-1.0040080320963853,0.6137779848503371,-0.1473080814795631,1.5448606454684173,1.174757281553398,1
-0.9874472630718805,0.4387332050659529,-0.7364051665794632,-1.0040080320963853,0.5104967401431455,-1.3164198392538744,-0.4679871010702372,1.174757281553398,0
0.275684277308565,-1.123706983915361,-0.4219117662055829,-1.0040080320963853,0.19167202822094623,-1.6086977786974521,-1.4744109743395644,-0.03883495145631072,1
0.559533473337433,-0.1862428705265727,0.5215684349160581,-1.0040080320963853,1.7633431433303803,1.6063595551819039,-1.4744109743395644,1.174757281553398,1
0.3506914666299732,-0.8112189461190983,-0.10741836583170257,-1.0040080320963853,0.6272494515512751,-1.3164198392538744,1.0416487088337536,1.174757281553398,1
-1.0486049574016567,-0.1862428705265727,-0.7364051665794632,-1.0040080320963853,1.2334654530934854,1.6063595551819039,-1.4744109743395644,1.174757281553398,0
-0.9968984307315761,-0.8112189461190983,-0.7301152985719855,-1.0040080320963853,-0.9758550858603481,-0.1473080814795631,-0.9711990377049008,-1.2524271844660195,5
1.1553235631759262,-0.1862428705265727,0.5215684349160581,0.9960079680956174,-1.514713753897868,0.7295257368511704,-0.4679871010702372,1.174757281553398,1
1.3490332294199396,0.4387332050659529,1.1505552356638187,0.9960079680956174,0.4835538067412695,0.7295257368511704,-1.4744109743395644,1.174757281553398,1
1.1545643281007707,1.6886853562510042,2.399094035148124,-1.0040080320963853,0.9326026967725364,-0.1473080814795631,0.5384367721990899,1.174757281553398,1
1.2282101303908652,1.6886853562510042,2.399094035148124,-1.0040080320963853,-1.2407939309787956,-1.6086977786974521,-0.4679871010702372,1.174757281553398,1
-0.7841817070888395,-0.1862428705265727,-0.7112456945495528,0.9960079680956174,-0.8366499299506552,0.7295257368511704,0.5384367721990899,-0.03883495145631072,2
-0.9713724238944477,1.6886853562510042,-0.7364051665794632,-1.0040080320963853,-1.2093605086766068,-1.3164198392538744,1.5448606454684173,-1.2524271844660195,6
-1.0432379508359015,-0.1862428705265727,-0.7364051665794632,-1.0040080320963853,0.9460741634734744,1.0218036762947482,0.5384367721990899,-1.2524271844660195,6
0.34697383281369376,-0.8112189461190983,-0.10741836583170257,-1.0040080320963853,0.4296679399375174,1.0218036762947482,1.0416487088337536,1.174757281553398,1
1.0340815758295248,-0.1862428705265727,0.5215684349160581,0.9960079680956174,0.6497018960528385,0.43724779740759256,-1.4744109743395644,-0.03883495145631072,1
1.3708677829606222,0.4387332050659529,1.1505552356638187,0.9960079680956174,-0.6794828184397119,0.43724779740759256,1.0416487088337536,-1.2524271844660195,1
-0.9779437343725188,0.4387332050659529,-0.7364051665794632,0.9960079680956174,-1.384489575788801,-1.0241418998102965,1.0416487088337536,-1.2524271844660195,0
0.30864555177825176,-0.8112189461190983,-0.10741836583170257,-1.0040080320963853,-0.9309501968572214,-1.3164198392538744,0.5384367721990899,-0.03883495145631072,1
-0.8646868055751676,-0.1862428705265727,-0.7112456945495528,-1.0040080320963853,1.754362165529755,1.0218036762947482,1.0416487088337536,-1.2524271844660195,2
0.9422926732951941,-0.1862428705265727,0.5215684349160581,0.9960079680956174,0.27250082842657386,0.43724779740759256,1.0416487088337536,1.174757281553398,1
1.2067421041278443,-0.1862428705265727,0.5215684349160581,0.9960079680956174,-1.7931240657172538,0.43724779740759256,1.5448606454684173,1.174757281553398,1
0.9637083385185492,-0.8112189461190983,-0.10741836583170257,0.9960079680956174,0.22310545052313493,-0.4395860209231409,1.5448606454684173,-0.03883495145631072,1
1.6880971417765043,1.6886853562510042,2.399094035148124,0.9960079680956174,0.6182684737506497,-0.4395860209231409,1.5448606454684173,1.174757281553398,1
0.7021649453873566,-1.123706983915361,-0.4219117662055829,0.9960079680956174,-1.110569752869728,0.14496985796401474,-0.4679871010702372,1.174757281553398,1
-1.0552548094392267,-1.123706983915361,-0.7364051665794632,-1.0040080320963853,0.03899540561031533,-1.6086977786974521,-0.9711990377049008,1.174757281553398,6
1.8693448805800326,1.6886853562510042,2.399094035148124,0.9960079680956174,1.2020320307912968,-1.0241418998102965,-1.4744109743395644,-1.2524271844660195,1
-0.9441446832681775,1.6886853562510042,-0.7364051665794632,0.9960079680956174,-0.6345779294365852,0.7295257368511704,0.03522483556442637,-0.03883495145631072,6
0.7544736240135949,0.4387332050659529,1.1505552356638187,-1.0040080320963853,-1.7302572211128764,1.0218036762947482,0.5384367721990899,1.174757281553398,1
1.1649579944744528,1.6886853562510042,2.399094035148124,-1.0040080320963853,0.05695736121156603,1.0218036762947482,1.5448606454684173,-1.2524271844660195,1
-1.035279072806684,-0.8112189461190983,-0.7364051665794632,-1.0040080320963853,-1.7572001545147524,1.314081615738326,1.5448606454684173,1.174757281553398,3
0.9112687572931459,-0.8112189461190983,-0.10741836583170257,0.9960079680956174,0.8203404742647195,0.14496985796401474,1.5448606454684173,1.174757281553398,1
0.7012224466733703,-0.8112189461190983,-0.10741836583170257,0.9960079680956174,-0.6974447740409626,0.7295257368511704,1.5448606454684173,1.174757281553398,1
1.1983381572614669,1.6886853562510042,2.399094035148124,-1.0040080320963853,0.6227589626509624,-0.1473080814795631,-0.9711990377049008,1.174757281553398,1
-0.9925524644393061,1.6886853562510042,-0.7364051665794632,0.9960079680956174,0.9460741634734744,0.43724779740759256,-1.4744109743395644,1.174757281553398,0
-0.9842270591324273,0.4387332050659529,-0.7301152985719855,-1.0040080320963853,-0.7917450409475285,-0.1473080814795631,-0.4679871010702372,1.174757281553398,5
-0.9199015219028638,0.4387332050659529,-0.7364051665794632,0.9960079680956174,1.606176031819437,0.14496985796401474,0.5384367721990899,-1.2524271844660195,6
0.7491066174478398,0.4387332050659529,1.1505552356638187,-1.0040080320963853,0.11084322801531811,1.314081615738326,0.5384367721990899,-0.03883495145631072,1
-0.9549834184790197,-0.1862428705265727,-0.7301152985719855,0.9960079680956174,1.42655647580693,-1.0241418998102965,-0.4679871010702372,-1.2524271844660195,5
0.3138554752250093,-0.8112189461190983,-0.10741836583170257,-1.0040080320963853,0.6227589626509624,-1.6086977786974521,1.5448606454684173,-0.03883495145631072,1
1.9557667765486078,1.6886853562510042,2.399094035148124,0.9960079680956174,0.8921882966697223,-1.0241418998102965,1.5448606454684173,-0.03883495145631072,1
0.5190060286360229,-0.1862428705265727,0.5215684349160581,-1.0040080320963853,0.09737176131438009,1.314081615738326,-0.9711990377049008,-1.2524271844660195,1
-1.0082869568589103,-0.8112189461190983,-0.7301152985719855,0.9960079680956174,-0.04632388349562546,0.14496985796401474,-1.4744109743395644,-1.2524271844660195,4
-1.0359335858025078,-1.123706983915361,-0.7364051665794632,-1.0040080320963853,-0.8007260187481539,-1.6086977786974521,-0.9711990377049008,1.174757281553398,0
-0.9818446318276286,1.6886853562510042,-0.7364051665794632,0.9960079680956174,1.0807888304828546,0.43724779740759256,1.0416487088337536,1.174757281553398,6
0.7491851590073386,0.4387332050659529,1.1505552356638187,-1.0040080320963853,1.0179219858784772,1.314081615738326,-0.4679871010702372,-1.2524271844660195,1
-0.8898201046148017,-0.8112189461190983,-0.723825430564508,-1.0040080320963853,-0.6480493961375232,1.0218036762947482,0.03522483556442637,-0.03883495145631072,2
0.8830199763933904,-1.123706983915361,-0.4219117662055829,0.9960079680956174,-0.9803455747606608,-1.0241418998102965,-0.4679871010702372,-1.2524271844660195,1
-0.9796978292013265,-0.1862428705265727,-0.7364051665794632,-1.0040080320963853,0.6631733627537765,1.0218036762947482,0.03522483556442637,-1.2524271844660195,0
0.6157430494187814,-1.123706983915361,-0.4219117662055829,0.9960079680956174,0.6541923849531511,0.43724779740759256,1.5448606454684173,1.174757281553398,1
-1.0322944935457277,-0.1862428705265727,-0.7364051665794632,-1.0040080320963853,0.8607548743675335,1.0218036762947482,0.03522483556442637,-1.2524271844660195,0
-0.9217603388110033,1.6886853562510042,-0.7364051665794632,0.9960079680956174,0.8876978077694097,0.43724779740759256,1.0416487088337536,-1.2524271844660195,3
-0.9502971054289213,1.6886853562510042,-0.7301152985719855,0.9960079680956174,0.14227665031750683,0.43724779740759256,-0.9711990377049008,1.174757281553398,4
-0.9195088141053693,1.6886853562510042,-0.7364051665794632,0.9960079680956174,0.7529831407600299,-1.0241418998102965,-0.9711990377049008,-0.03883495145631072,6
2.173562521038937,1.6886853562510042,2.399094035148124,0.9960079680956174,-1.6179949986050597,0.43724779740759256,0.5384367721990899,1.174757281553398,1
0.51507895066108,-0.1862428705265727,0.5215684349160581,-1.0040080320963853,-1.043212419365038,1.6063595551819039,0.03522483556442637,-0.03883495145631072,1
0.795603220671163,0.4387332050659529,1.1505552356638187,-1.0040080320963853,-1.5775805985022455,-0.1473080814795631,1.5448606454684173,1.174757281553398,1
-1.0109311893620385,-0.1862428705265727,-0.7301152985719855,0.9960079680956174,-0.4774108179256416,0.14496985796401474,-1.4744109743395644,1.174757281553398,4
-0.9351647649654748,0.4387332050659529,-0.7364051665794632,0.9960079680956174,-0.5762015737325205,0.14496985796401474,-0.4679871010702372,1.174757281553398,3
2.0154845422875716,1.6886853562510042,2.399094035148124,0.9960079680956174,-1.7437286878138145,0.14496985796401474,-1.4744109743395644,-1.2524271844660195,1
2.0275537619305624,1.6886853562510042,2.399094035148124,0.9960079680956174,-0.8321594410503426,0.14496985796401474,-0.4679871010702372,-1.2524271844660195,1
-0.9693303433474775,-1.123706983915361,-0.7301152985719855,-1.0040080320963853,1.350218164501615,-1.6086977786974521,0.03522483556442637,-0.03883495145631072,5
0.31393401678450805,-0.8112189461190983,-0.10741836583170257,-1.0040080320963853,0.7035877628565905,-1.3164198392538744,-0.4679871010702372,-1.2524271844660195,1
0.6806707386045028,-1.123706983915361,-0.4219117662055829,0.9960079680956174,-0.9848360636609734,0.14496985796401474,1.5448606454684173,-1.2524271844660195,1
-0.984933933167917,-0.1862428705265727,-0.7364051665794632,-1.0040080320963853,-0.7423496630440891,1.0218036762947482,0.03522483556442637,1.174757281553398,6
1.8911008925612156,1.6886853562510042,2.399094035148124,0.9960079680956174,1.4490089203084933,-0.7318639603667187,-0.4679871010702372,1.174757281553398,1
-0.9813995629904685,1.6886853562510042,-0.7364051665794632,0.9960079680956174,0.0614478501118787,0.43724779740759256,1.0416487088337536,1.174757281553398,3
-0.9742784615959055,-0.8112189461190983,-0.7364051665794632,0.9960079680956174,-0.7423496630440891,-0.4395860209231409,1.0416487088337536,-0.03883495145631072,3
-1.0145964621386518,-1.123706983915361,-0.7364051665794632,0.9960079680956174,-0.908497752355658,0.7295257368511704,-0.4679871010702372,1.174757281553398,3
0.7909169076210646,-1.123706983915361,-0.4219117662055829,0.9960079680956174,-0.8591023744522186,0.43724779740759256,0.03522483556442637,1.174757281553398,1
-1.0396250390989543,-1.123706983915361,-0.7364051665794632,-1.0040080320963853,-1.043212419365038,-1.3164198392538744,-1.4744109743395644,1.174757281553398,6
1.2923262234617654,-0.1862428705265727,0.5215684349160581,0.9960079680956174,1.7678336322306931,-0.4395860209231409,0.5384367721990899,-1.2524271844660195,1
0.3666615837280738,-0.8112189461190983,-0.10741836583170257,-1.0040080320963853,0.16023860591875752,1.6063595551819039,-1.4744109743395644,-1.2524271844660195,1
-0.9971340554100727,0.4387332050659529,-0.7364051665794632,0.9960079680956174,-0.14960512820281696,0.7295257368511704,-1.4744109743395644,-0.03883495145631072,3
-0.9387253156627564,0.4387332050659529,-0.7301152985719855,-1.0040080320963853,0.1961625171212589,-0.1473080814795631,-0.9711990377049008,-0.03883495145631072,5
0.3306633689577645,-0.8112189461190983,-0.10741836583170257,-1.0040080320963853,-0.7648021075456525,-1.6086977786974521,-0.4679871010702372,1.174757281553398,1
0.8438015576836279,-0.8112189461190983,-0.10741836583170257,0.9960079680956174,-0.8995167745550326,0.14496985796401474,0.5384367721990899,1.174757281553398,1
-0.9387514961825894,0.4387332050659529,-0.7301152985719855,0.9960079680956174,-0.06877632799718883,0.43724779740759256,1.5448606454684173,-1.2524271844660195,5
-0.9654556264122005,-1.123706983915361,-0.7364051665794632,0.9960079680956174,-0.34269615091626165,0.7295257368511704,1.5448606454684173,1.174757281553398,6
-0.9833107409382739,-1.123706983915361,-0.7301152985719855,-1.0040080320963853,-1.6090140208044343,1.6063595551819039,0.5384367721990899,-1.2524271844660195,2
-0.9886253864643633,0.4387332050659529,-0.7364051665794632,-1.0040080320963853,-1.7841430879166285,1.314081615738326,1.0416487088337536,-1.2524271844660195,6
-0.9359501805604634,1.6886853562510042,-0.7364051665794632,0.9960079680956174,-1.1824175752747308,-0.4395860209231409,0.5384367721990899,1.174757281553398,0
-0.9928666306773015,-0.8112189461190983,-0.7364051665794632,0.9960079680956174,-1.5416566872997441,-0.7318639603667187,1.5448606454684173,-0.03883495145631072,6
-0.9782579006105143,1.6886853562510042,-0.7364051665794632,0.9960079680956174,0.5239682068440835,-0.7318639603667187,0.03522483556442637,1.174757281553398,3
-0.9799072733599903,-1.123706983915361,-0.7301152985719855,0.9960079680956174,-1.2093605086766068,0.14496985796401474,-0.9711990377049008,-1.2524271844660195,4
0.8043998753350349,0.4387332050659529,1.1505552356638187,-1.0040080320963853,0.07491931681281672,1.314081615738326,0.5384367721990899,1.174757281553398,1
0.39629793217897585,-0.8112189461190983,-0.10741836583170257,-1.0040080320963853,-1.5596186429009948,1.6063595551819039,1.5448606454684173,-0.03883495145631072,1
-1.020539440140732,1.6886853562510042,-0.7364051665794632,-1.0040080320963853,-1.3081512644834856,1.314081615738326,1.0416487088337536,-0.03883495145631072,6
-1.0345198377315286,-1.123706983915361,-0.7364051665794632,0.9960079680956174,-0.6345779294365852,-0.4395860209231409,1.0416487088337536,-0.03883495145631072,3
-0.9268655401784289,-1.123706983915361,-0.7301152985719855,0.9960079680956174,-1.5506376651003695,0.7295257368511704,-0.9711990377049008,-1.2524271844660195,2
-0.960271883485276,1.6886853562510042,-0.7364051665794632,0.9960079680956174,-0.06428583909687616,0.14496985796401474,1.5448606454684173,1.174757281553398,6
1.2455416345202797,0.4387332050659529,1.1505552356638187,0.9960079680956174,-0.7648021075456525,0.14496985796401474,-1.4744109743395644,-0.03883495145631072,1
0.22670052470111146,-1.123706983915361,-0.4219117662055829,-1.0040080320963853,-1.2722273532809842,-1.3164198392538744,1.5448606454684173,-0.03883495145631072,1
0.5223833156944736,-0.1862428705265727,0.5215684349160581,-1.0040080320963853,-0.8546118855519059,-1.3164198392538744,1.0416487088337536,-0.03883495145631072,1
0.8258155405583897,-0.8112189461190983,-0.10741836583170257,0.9960079680956174,-0.5537491292309571,0.14496985796401474,-0.9711990377049008,-0.03883495145631072,1
1.231587417449316,1.6886853562510042,2.399094035148124,-1.0040080320963853,0.9730170968753504,-0.1473080814795631,0.5384367721990899,-1.2524271844660195,1
-1.000851689226352,-0.8112189461190983,-0.7364051665794632,-1.0040080320963853,-0.8591023744522186,1.0218036762947482,0.03522483556442637,1.174757281553398,6
0.32087185454024064,-0.8112189461190983,-0.10741836583170257,-1.0040080320963853,0.9864885635762884,-1.3164198392538744,0.5384367721990899,-0.03883495145631072,1
0.368808386354376,-0.8112189461190983,-0.10741836583170257,-1.0040080320963853,-1.438375442592553,1.6063595551819039,0.03522483556442637,1.174757281553398,1
0.8103690338569479,0.4387332050659529,1.1505552356638187,-1.0040080320963853,-0.24390539510938283,-0.1473080814795631,-0.4679871010702372,-0.03883495145631072,1
1.8499451153838147,1.6886853562510042,2.399094035148124,0.9960079680956174,-1.1869080641750436,-1.0241418998102965,0.5384367721990899,1.174757281553398,1
1.2505682943282064,-0.1862428705265727,0.5215684349160581,0.9960079680956174,-0.47292032902532893,-0.4395860209231409,-0.4679871010702372,1.174757281553398,1
-0.9551928626376832,-0.1862428705265727,-0.7364051665794632,-1.0040080320963853,0.6227589626509624,-1.3164198392538744,1.5448606454684173,-1.2524271844660195,3
-1.0125020205520157,0.4387332050659529,-0.7301152985719855,-1.0040080320963853,1.116712741685356,1.6063595551819039,0.03522483556442637,-0.03883495145631072,5
-1.0042813373244686,0.4387332050659529,-0.7364051665794632,0.9960079680956174,1.0089410080778518,-1.0241418998102965,-0.4679871010702372,1.174757281553398,3
2.0308786879493472,1.6886853562510042,2.399094035148124,0.9960079680956174,1.0179219858784772,0.43724779740759256,0.5384367721990899,1.174757281553398,1
1.2079725885599932,1.6886853562510042,2.399094035148124,-1.0040080320963853,0.5374396735450215,1.0218036762947482,1.0416487088337536,-1.2524271844660195,1
1.2001184326101075,1.6886853562510042,2.399094035148124,-1.0040080320963853,1.6465904319222509,-1.6086977786974521,1.0416487088337536,1.174757281553398,1
0.7233449859322147,0.4387332050659529,1.1505552356638187,-1.0040080320963853,0.03899540561031533,-1.3164198392538744,1.0416487088337536,-0.03883495145631072,1
-0.9979194710050614,-0.8112189461190983,-0.7364051665794632,0.9960079680956174,-1.2812083310816096,0.43724779740759256,-0.4679871010702372,1.174757281553398,6
-0.9574705678631501,-1.123706983915361,-0.7364051665794632,0.9960079680956174,-0.5717110848322078,-0.4395860209231409,-1.4744109743395644,-1.2524271844660195,3
0.8317585185604701,-0.8112189461190983,-0.10741836583170257,0.9960079680956174,-0.6794828184397119,0.7295257368511704,-1.4744109743395644,-0.03883495145631072,1
0.28757023331272535,-1.123706983915361,-0.4219117662055829,-1.0040080320963853,-1.2363034420784829,-1.6086977786974521,-0.9711990377049008,1.174757281553398,1
-0.6920262772768476,1.6886853562510042,-0.6735064865046871,0.9960079680956174,-0.3696390843181377,-1.0241418998102965,1.0416487088337536,-0.03883495145631072,2
1.1636751490026382,0.4387332050659529,1.1505552356638187,0.9960079680956174,-0.42801544002220243,0.14496985796401474,-0.4679871010702372,-1.2524271844660195,1
-0.8555236236336343,-0.1862428705265727,-0.7112456945495528,-1.0040080320963853,1.309803764398801,1.6063595551819039,1.5448606454684173,-1.2524271844660195,2
1.078902625783539,-0.1862428705265727,0.5215684349160581,0.9960079680956174,0.32189620633001326,-0.7318639603667187,-1.4744109743395644,-0.03883495145631072,1
-1.0224767986083705,-1.123706983915361,-0.7364051665794632,-1.0040080320963853,0.5958160292490864,-0.1473080814795631,0.03522483556442637,-0.03883495145631072,6
-0.9536220314477062,1.6886853562510042,-0.7364051665794632,-1.0040080320963853,-1.4024515313900516,-1.3164198392538744,-0.9711990377049008,-0.03883495145631072,6
0.8050282078110258,-0.8112189461190983,-0.10741836583170257,0.9960079680956174,-0.07775730579781417,0.7295257368511704,0.03522483556442637,1.174757281553398,1
-1.0114286192388646,-0.8112189461190983,-0.7301152985719855,0.9960079680956174,0.40272500653564136,0.7295257368511704,1.0416487088337536,-1.2524271844660195,5
-0.9748020719925644,0.4387332050659529,-0.7301152985719855,0.9960079680956174,-0.35616761761719967,-1.0241418998102965,-1.4744109743395644,1.174757281553398,4
1.2333938733177898,0.4387332050659529,1.1505552356638187,0.9960079680956174,-1.0162694859631618,0.43724779740759256,0.5384367721990899,-1.2524271844660195,1
0.8000015480030991,0.4387332050659529,1.1505552356638187,-1.0040080320963853,0.23208642832376028,1.0218036762947482,-0.9711990377049008,-0.03883495145631072,1
1.1978930884243066,1.6886853562510042,2.399094035148124,-1.0040080320963853,0.13778616141719416,-0.1473080814795631,1.0416487088337536,-1.2524271844660195,1
-1.0233931168025237,-0.8112189461190983,-0.7301152985719855,0.9960079680956174,-1.5102232649975555,-0.4395860209231409,-0.4679871010702372,-0.03883495145631072,4
-0.9659530562890266,-0.8112189461190983,-0.7301152985719855,0.9960079680956174,0.4476298955387681,-0.7318639603667187,0.5384367721990899,-0.03883495145631072,4
1.003869255942298,-0.8112189461190983,-0.10741836583170257,0.9960079680956174,0.3174057174297006,-0.7318639603667187,-0.4679871010702372,1.174757281553398,1
1.2063493963303502,-0.1862428705265727,0.5215684349160581,0.9960079680956174,-1.3395846867856744,-0.4395860209231409,1.0416487088337536,1.174757281553398,1
-1.0422430910822496,-1.123706983915361,-0.7364051665794632,0.9960079680956174,-0.6660113517387739,-0.4395860209231409,-0.4679871010702372,-1.2524271844660195,3
1.226822562839719,0.4387332050659529,1.1505552356638187,0.9960079680956174,-1.5551281540006823,0.43724779740759256,0.5384367721990899,1.174757281553398,1
-0.9331226844185047,0.4387332050659529,-0.7301152985719855,0.9960079680956174,0.2680103395262612,0.7295257368511704,1.0416487088337536,-0.03883495145631072,4
-0.9522868249362256,-1.123706983915361,-0.7301152985719855,-1.0040080320963853,1.2289749641931729,1.6063595551819039,1.0416487088337536,1.174757281553398,5
-0.9982859982827227,-0.8112189461190983,-0.7364051665794632,0.9960079680956174,0.14227665031750683,0.14496985796401474,0.03522483556442637,-0.03883495145631072,3
0.8158931235417008,0.4387332050659529,1.1505552356638187,-1.0040080320963853,0.9909790524766011,-0.1473080814795631,0.03522483556442637,-1.2524271844660195,1
0.6251156755189781,-1.123706983915361,-0.4219117662055829,0.9960079680956174,-1.3485656645862998,-1.0241418998102965,0.5384367721990899,-0.03883495145631072,1
-0.8716770043705657,-0.1862428705265727,-0.7112456945495528,-1.0040080320963853,1.4220659869066172,-1.3164198392538744,-1.4744109743395644,-0.03883495145631072,2
0.7542379993350985,0.4387332050659529,1.1505552356638187,-1.0040080320963853,0.5284586957443962,1.314081615738326,-0.9711990377049008,1.174757281553398,1
-0.9739904758777429,-0.8112189461190983,-0.7301152985719855,0.9960079680956174,-1.7976145546175666,0.43724779740759256,1.0416487088337536,1.174757281553398,4
0.7723287385396684,-1.123706983915361,-0.4219117662055829,0.9960079680956174,1.0718078526822292,0.14496985796401474,-1.4744109743395644,-1.2524271844660195,1
0.9788930400216613,-0.1862428705265727,0.5215684349160581,0.9960079680956174,-1.5775805985022455,-0.4395860209231409,-0.9711990377049008,-1.2524271844660195,1
-1.024309434996677,-0.8112189461190983,-0.7364051665794632,0.9960079680956174,0.38925353983470334,0.43724779740759256,-0.4679871010702372,1.174757281553398,6
0.3972404308929621,-0.8112189461190983,-0.10741836583170257,-1.0040080320963853,0.7978880297631566,-1.3164198392538744,1.0416487088337536,-1.2524271844660195,1
0.8050805688506917,0.4387332050659529,1.1505552356638187,-1.0040080320963853,-0.9309501968572214,-0.1473080814795631,0.03522483556442637,-1.2524271844660195,1
-0.9180688855145571,1.6886853562510042,-0.7301152985719855,0.9960079680956174,0.35782011753251464,-0.4395860209231409,-1.4744109743395644,1.174757281553398,5
1.5158031407558452,0.4387332050659529,1.1505552356638187,0.9960079680956174,-0.9578931302590974,-0.4395860209231409,0.03522483556442637,-1.2524271844660195,1
-0.9101623685250054,1.6886853562510042,-0.7301152985719855,-1.0040080320963853,1.1885605640903587,-1.6086977786974521,-0.4679871010702372,-0.03883495145631072,4
1.1592244606310362,1.6886853562510042,2.399094035148124,-1.0040080320963853,0.2859722951275119,1.314081615738326,-0.9711990377049008,-0.03883495145631072,1
0.39996320495558907,-0.8112189461190983,-0.10741836583170257,-1.0040080320963853,0.7350211851587792,-1.6086977786974521,-1.4744109743395644,-0.03883495145631072,1
-0.9778651928130199,0.4387332050659529,-0.7364051665794632,-1.0040080320963853,-1.5236947316984935,-1.3164198392538744,0.03522483556442637,1.174757281553398,3
0.8450844031554425,-0.8112189461190983,-0.10741836583170257,0.9960079680956174,0.6227589626509624,-1.0241418998102965,-0.9711990377049008,1.174757281553398,1
0.8220979067421106,0.4387332050659529,1.1505552356638187,-1.0040080320963853,1.4984042982119328,1.6063595551819039,0.03522483556442637,-1.2524271844660195,1
1.1468934357897158,1.6886853562510042,2.399094035148124,-1.0040080320963853,-1.1913985530753561,1.0218036762947482,-1.4744109743395644,1.174757281553398,1
0.30453521016447843,-0.8112189461190983,-0.10741836583170257,-1.0040080320963853,0.9864885635762884,1.6063595551819039,-0.4679871010702372,-0.03883495145631072,1
-0.7875589941472902,-0.1862428705265727,-0.7112456945495528,0.9960079680956174,-1.721276243312251,-1.0241418998102965,-0.9711990377049008,1.174757281553398,2
-1.0043075178443017,1.6886853562510042,-0.7364051665794632,-1.0040080320963853,-0.19001952830563076,-1.3164198392538744,0.5384367721990899,1.174757281553398,0
0.7397339913476428,0.4387332050659529,1.1505552356638187,-1.0040080320963853,1.3861420757041159,1.0218036762947482,0.03522483556442637,-1.2524271844660195,1
-0.9916623267649857,-0.8112189461190983,-0.7301152985719855,-1.0040080320963853,-0.9444216635581594,1.6063595551819039,-0.9711990377049008,-1.2524271844660195,4
1.281094780453429,0.4387332050659529,1.1505552356638187,0.9960079680956174,0.7395116740590919,-1.0241418998102965,1.0416487088337536,-1.2524271844660195,1
-0.8180069387130137,-0.1862428705265727,-0.7112456945495528,0.9960079680956174,-0.48639179572626695,-0.7318639603667187,0.03522483556442637,-0.03883495145631072,2
-0.9248234596314587,-0.8112189461190983,-0.7301152985719855,0.9960079680956174,1.2873513198972375,-0.7318639603667187,-1.4744109743395644,-0.03883495145631072,4
-0.997500582687734,-0.1862428705265727,-0.7364051665794632,-1.0040080320963853,0.20065300602157157,-1.3164198392538744,1.5448606454684173,-1.2524271844660195,0
1.9578873986550767,1.6886853562510042,2.399094035148124,0.9960079680956174,0.806869007563782,-0.7318639603667187,-0.9711990377049008,-0.03883495145631072,1
-0.8818350460657511,-0.8112189461190983,-0.723825430564508,-1.0040080320963853,0.46110136223970616,-1.6086977786974521,-0.4679871010702372,-1.2524271844660195,2
-0.9576014704623148,-0.1862428705265727,-0.7301152985719855,-1.0040080320963853,-0.719897218542526,-1.6086977786974521,0.5384367721990899,-0.03883495145631072,4
0.7919641284143826,-0.8112189461190983,-0.10741836583170257,0.9960079680956174,-1.667390376508499,0.14496985796401474,0.03522483556442637,-1.2524271844660195,1
2.0931097835922743,1.6886853562510042,2.399094035148124,0.9960079680956174,-0.010399972293124074,0.14496985796401474,-1.4744109743395644,1.174757281553398,1
-1.0051191139591231,-1.123706983915361,-0.7364051665794632,-1.0040080320963853,-0.7782735742465905,1.0218036762947482,1.0416487088337536,-0.03883495145631072,3
-1.0053809191574528,-0.1862428705265727,-0.7364051665794632,-1.0040080320963853,0.9775075857756631,-0.1473080814795631,0.5384367721990899,-1.2524271844660195,3
-0.9377566364289371,-1.123706983915361,-0.7301152985719855,0.9960079680956174,-1.0791363305675394,-1.0241418998102965,1.0416487088337536,-1.2524271844660195,2
0.5222785936151418,-0.1862428705265727,0.5215684349160581,-1.0040080320963853,0.6811353183550272,-1.3164198392538744,-1.4744109743395644,1.174757281553398,1
0.901896131192949,-0.1862428705265727,0.5215684349160581,0.9960079680956174,0.6092874959500244,-1.0241418998102965,0.03522483556442637,-0.03883495145631072,1
0.40305250629587763,-0.8112189461190983,-0.10741836583170257,-1.0040080320963853,-0.9264597079569087,-1.6086977786974521,-0.9711990377049008,-0.03883495145631072,1
0.30461375172397726,-0.8112189461190983,-0.10741836583170257,-1.0040080320963853,-0.3876010399193884,-1.3164198392538744,1.5448606454684173,-1.2524271844660195,1
-0.9927357280781368,-1.123706983915361,-0.7301152985719855,-1.0040080320963853,1.4175754980063047,1.0218036762947482,-0.4679871010702372,-1.2524271844660195,5
0.39813056856728263,-0.8112189461190983,-0.10741836583170257,-1.0040080320963853,-1.640447443106623,-1.3164198392538744,-0.9711990377049008,-0.03883495145631072,1
-0.9651938212138711,0.4387332050659529,-0.7364051665794632,0.9960079680956174,-1.1509841529725422,0.43724779740759256,1.5448606454684173,-1.2524271844660195,3
0.367656443481726,-0.8112189461190983,-0.10741836583170257,-1.0040080320963853,-0.03285241679468744,-1.6086977786974521,1.0416487088337536,1.174757281553398,1
-1.035279072806684,-1.123706983915361,-0.7364051665794632,-1.0040080320963853,1.3547086534019277,-1.3164198392538744,-0.9711990377049008,-1.2524271844660195,3
-0.9151366672932665,1.6886853562510042,-0.7301152985719855,-1.0040080320963853,0.9819980746759758,-1.6086977786974521,-0.4679871010702372,1.174757281553398,5
1.8292363241959493,1.6886853562510042,2.399094035148124,0.9960079680956174,-1.721276243312251,0.7295257368511704,1.0416487088337536,-1.2524271844660195,1
-0.9807712305144777,-1.123706983915361,-0.7364051665794632,0.9960079680956174,0.5329491846447089,0.43724779740759256,-1.4744109743395644,-1.2524271844660195,0
0.779659284092895,-1.123706983915361,-0.4219117662055829,0.9960079680956174,1.7364002099285043,-0.7318639603667187,-0.4679871010702372,-0.03883495145631072,1
0.33665870799951075,-0.8112189461190983,-0.10741836583170257,-1.0040080320963853,0.2994437618284499,1.0218036762947482,1.5448606454684173,1.174757281553398,1
-1.0169788894434506,1.6886853562510042,-0.7364051665794632,-1.0040080320963853,1.660061898623189,1.0218036762947482,-1.4744109743395644,-1.2524271844660195,0
-0.8914956578841106,0.4387332050659529,-0.6986659585345976,-1.0040080320963853,0.06593833901219137,-1.6086977786974521,-1.4744109743395644,-1.2524271844660195,2
2.160262816963797,1.6886853562510042,2.399094035148124,0.9960079680956174,-0.6615208628384612,-0.7318639603667187,1.5448606454684173,-1.2524271844660195,1
1.237190048693568,1.6886853562510042,2.399094035148124,-1.0040080320963853,-0.513334729128143,1.6063595551819039,-0.9711990377049008,-1.2524271844660195,1
0.7328223341117435,0.4387332050659529,1.1505552356638187,-1.0040080320963853,0.806869007563782,1.0218036762947482,-0.9711990377049008,-0.03883495145631072,1
0.7554684837672474,0.4387332050659529,1.1505552356638187,-1.0040080320963853,1.5118757649128707,1.314081615738326,-0.9711990377049008,1.174757281553398,1
-0.6634633301390968,1.6886853562510042,-0.6735064865046871,0.9960079680956174,-1.8200669991191298,-1.0241418998102965,-0.4679871010702372,-0.03883495145631072,2
-1.0363001130801692,0.4387332050659529,-0.7364051665794632,-1.0040080320963853,1.6510809208225636,1.0218036762947482,-0.9711990377049008,1.174757281553398,6
1.2392321292405384,1.6886853562510042,2.399094035148124,-1.0040080320963853,-0.9713645969600354,-1.3164198392538744,1.0416487088337536,-1.2524271844660195,1
-0.9289599817650651,-1.123706983915361,-0.7301152985719855,-1.0040080320963853,-0.8725738411531566,1.6063595551819039,-0.9711990377049008,1.174757281553398,2
0.2255224013086285,-1.123706983915361,-0.4219117662055829,-1.0040080320963853,-0.4369964178228278,-0.1473080814795631,0.5384367721990899,-1.2524271844660195,1
-0.7790241446817479,0.4387332050659529,-0.6986659585345976,0.9960079680956174,1.0089410080778518,0.43724779740759256,-0.9711990377049008,-0.03883495145631072,2
-0.9550619600385186,-0.8112189461190983,-0.7301152985719855,0.9960079680956174,-0.8860453078540946,-1.0241418998102965,0.5384367721990899,-1.2524271844660195,5
1.2744711089356917,-0.1862428705265727,0.5215684349160581,0.9960079680956174,-0.6121254849350218,-1.0241418998102965,1.0416487088337536,-1.2524271844660195,1
-1.0378185832304805,-1.123706983915361,-0.7364051665794632,0.9960079680956174,-0.6345779294365852,0.14496985796401474,0.03522483556442637,-0.03883495145631072,3
-0.9323110883036831,1.6886853562510042,-0.7364051665794632,-1.0040080320963853,-0.7558211297450271,1.6063595551819039,1.5448606454684173,1.174757281553398,3
0.7798163672118928,0.4387332050659529,1.1505552356638187,-1.0040080320963853,-1.8110860213185045,1.0218036762947482,-0.4679871010702372,-0.03883495145631072,1
1.722210359118841,1.6886853562510042,2.399094035148124,0.9960079680956174,-0.12266219480094091,0.43724779740759256,-0.9711990377049008,-1.2524271844660195,1
1.417809455021105,0.4387332050659529,1.1505552356638187,0.9960079680956174,-1.1599651307731675,0.43724779740759256,-0.9711990377049008,-1.2524271844660195,1
-1.0127376452305121,-0.8112189461190983,-0.7364051665794632,0.9960079680956174,0.20065300602157157,0.43724779740759256,1.0416487088337536,-0.03883495145631072,0
0.2686155369536679,-1.123706983915361,-0.4219117662055829,-1.0040080320963853,-1.007288508162537,-1.3164198392538744,0.5384367721990899,1.174757281553398,1
1.366495636148519,0.4387332050659529,1.1505552356638187,0.9960079680956174,-0.11368121700031555,0.7295257368511704,-0.4679871010702372,-0.03883495145631072,1
0.7291570613351303,-1.123706983915361,-0.4219117662055829,0.9960079680956174,-1.3934705535894263,0.7295257368511704,1.0416487088337536,1.174757281553398,1
-0.9199277024226966,-0.8112189461190983,-0.723825430564508,0.9960079680956174,-1.0970982861687901,-0.7318639603667187,-1.4744109743395644,-0.03883495145631072,2
-0.668777975665186,1.6886853562510042,-0.6735064865046871,0.9960079680956174,-0.3965820177200137,-0.4395860209231409,0.5384367721990899,-1.2524271844660195,2
1.1431758019734364,-0.1862428705265727,0.5215684349160581,0.9960079680956174,0.9819980746759758,0.7295257368511704,0.03522483556442637,1.174757281553398,1
0.877757691906967,-0.8112189461190983,-0.10741836583170257,0.9960079680956174,-1.4608278870941163,-1.0241418998102965,1.0416487088337536,-1.2524271844660195,1
1.2330797070797945,1.6886853562510042,2.399094035148124,-1.0040080320963853,0.23208642832376028,-0.1473080814795631,0.03522483556442637,-0.03883495145631072,1
0.8133536131179044,-0.8112189461190983,-0.10741836583170257,0.9960079680956174,-0.4010725066203264,-0.4395860209231409,1.5448606454684173,1.174757281553398,1
-0.9720792979299375,-0.8112189461190983,-0.7301152985719855,-1.0040080320963853,1.1122222527850432,-1.6086977786974521,-0.4679871010702372,-0.03883495145631072,5
1.3151032757164338,-0.1862428705265727,0.5215684349160581,0.9960079680956174,-0.2349244173087575,0.43724779740759256,1.5448606454684173,-1.2524271844660195,1
-0.979959634399656,0.4387332050659529,-0.7364051665794632,-1.0040080320963853,1.1346746972866066,1.0218036762947482,-0.4679871010702372,-1.2524271844660195,0
-0.9935996852326242,-0.1862428705265727,-0.7364051665794632,-1.0040080320963853,-0.005909483392811401,-1.6086977786974521,0.5384367721990899,-1.2524271844660195,6
1.1441706617270886,1.6886853562510042,2.399094035148124,-1.0040080320963853,-1.6179949986050597,1.0218036762947482,-1.4744109743395644,-1.2524271844660195,1
0.2724378928492789,-1.123706983915361,-0.4219117662055829,-1.0040080320963853,-0.010399972293124074,-0.1473080814795631,-0.4679871010702372,-0.03883495145631072,1
-0.9756398486272191,-1.123706983915361,-0.7301152985719855,0.9960079680956174,0.15574811701844485,-0.7318639603667187,-0.9711990377049008,-1.2524271844660195,4
0.5997991128405135,-0.1862428705265727,0.5215684349160581,-1.0040080320963853,-1.6449379320069357,1.6063595551819039,0.5384367721990899,-1.2524271844660195,1
-0.9559259171930059,-0.8112189461190983,-0.723825430564508,-1.0040080320963853,0.02103345000906464,1.314081615738326,0.03522483556442637,-1.2524271844660195,2
-0.9720531174101046,-1.123706983915361,-0.7301152985719855,0.9960079680956174,-0.9174787301562833,0.43724779740759256,-0.4679871010702372,1.174757281553398,5
-0.9527318937733859,-0.1862428705265727,-0.7364051665794632,0.9960079680956174,-0.7378591741437764,0.14496985796401474,1.5448606454684173,-0.03883495145631072,0
-1.0289957480467757,0.4387332050659529,-0.7364051665794632,-1.0040080320963853,-0.4819013068259543,1.0218036762947482,1.0416487088337536,1.174757281553398,6
-0.9822635201449559,-0.1862428705265727,-0.7364051665794632,0.9960079680956174,1.2693893642959868,-0.4395860209231409,1.5448606454684173,-0.03883495145631072,6
0.9842076855477506,-0.1862428705265727,0.5215684349160581,0.9960079680956174,1.0852793193831671,-0.7318639603667187,1.5448606454684173,-1.2524271844660195,1
0.5274623365420664,-0.1862428705265727,0.5215684349160581,-1.0040080320963853,-0.8905357967544073,1.314081615738326,-0.9711990377049008,-1.2524271844660195,1
0.725936857395677,0.4387332050659529,1.1505552356638187,-1.0040080320963853,-0.5896730404334585,1.6063595551819039,-0.4679871010702372,1.174757281553398,1
-0.9365523325166214,1.6886853562510042,-0.7301152985719855,-1.0040080320963853,1.2110130085919222,1.314081615738326,-0.4679871010702372,1.174757281553398,5
-1.035409975405849,-0.8112189461190983,-0.7364051665794632,0.9960079680956174,0.9146407411712857,-0.4395860209231409,-1.4744109743395644,-0.03883495145631072,6
0.5221476910159772,-0.1862428705265727,0.5215684349160581,-1.0040080320963853,-0.719897218542526,1.314081615738326,1.0416487088337536,-0.03883495145631072,1
-0.9960344735770887,-0.1862428705265727,-0.7364051665794632,0.9960079680956174,0.45661087333939343,-0.4395860209231409,0.03522483556442637,-1.2524271844660195,0
-0.9953275995415991,-1.123706983915361,-0.7364051665794632,0.9960079680956174,-0.34269615091626165,0.43724779740759256,0.03522483556442637,1.174757281553398,6
-0.8443969027046296,-0.8112189461190983,-0.723825430564508,0.9960079680956174,0.7484926518597173,-0.7318639603667187,-0.4679871010702372,-0.03883495145631072,2
-0.9494593287942669,-0.1862428705265727,-0.7364051665794632,-1.0040080320963853,-0.1990005061062561,1.314081615738326,0.5384367721990899,-0.03883495145631072,3
0.38341711642116344,-0.8112189461190983,-0.10741836583170257,-1.0040080320963853,-1.5102232649975555,1.0218036762947482,-0.4679871010702372,-0.03883495145631072,1
-0.9681260394351617,0.4387332050659529,-0.7301152985719855,0.9960079680956174,0.8023785186634693,0.14496985796401474,0.03522483556442637,-1.2524271844660195,5
-1.0206703427398969,1.6886853562510042,-0.7364051665794632,0.9960079680956174,1.3277657200000517,-0.7318639603667187,1.0416487088337536,1.174757281553398,0
0.6809849048424982,-1.123706983915361,-0.4219117662055829,0.9960079680956174,1.5837235873178734,0.14496985796401474,-1.4744109743395644,-1.2524271844660195,1
1.1960080909963342,1.6886853562510042,2.399094035148124,-1.0040080320963853,1.754362165529755,1.0218036762947482,1.0416487088337536,-0.03883495145631072,1
1.0716768023096441,-0.8112189461190983,-0.10741836583170257,0.9960079680956174,0.7889070519625313,-1.0241418998102965,1.0416487088337536,-0.03883495145631072,1
0.25149347698291713,-1.123706983915361,-0.4219117662055829,-1.0040080320963853,1.0224124747787897,1.0218036762947482,1.5448606454684173,-1.2524271844660195,1
1.1929449701758785,-0.1862428705265727,0.5215684349160581,0.9960079680956174,1.1795795862897334,0.7295257368511704,-0.4679871010702372,-1.2524271844660195,1
0.6391484341494406,-1.123706983915361,-0.4219117662055829,0.9960079680956174,-1.0881173083681648,0.14496985796401474,1.5448606454684173,-0.03883495145631072,1
-0.9489357183976077,-0.1862428705265727,-0.7301152985719855,0.9960079680956174,-1.330603708985049,0.14496985796401474,0.03522483556442637,-0.03883495145631072,4
-0.9488309963182759,1.6886853562510042,-0.7301152985719855,-1.0040080320963853,-0.037342905695000116,1.6063595551819039,-0.9711990377049008,-0.03883495145631072,4
-0.972838533005093,1.6886853562510042,-0.7364051665794632,0.9960079680956174,1.4445184314081807,-0.7318639603667187,0.03522483556442637,-1.2524271844660195,0
-0.976137278504045,-0.1862428705265727,-0.7364051665794632,0.9960079680956174,-0.05081437239593813,-0.7318639603667187,-1.4744109743395644,-1.2524271844660195,3
-0.9835725461366035,-1.123706983915361,-0.7364051665794632,-1.0040080320963853,1.727419232127879,1.6063595551819039,0.5384367721990899,-0.03883495145631072,6
0.7326914315125789,0.4387332050659529,1.1505552356638187,-1.0040080320963853,-0.7827640631469032,-1.6086977786974521,-0.9711990377049008,-1.2524271844660195,1
-1.035409975405849,0.4387332050659529,-0.7364051665794632,-1.0040080320963853,0.5598921180465849,1.6063595551819039,-0.4679871010702372,-1.2524271844660195,0
1.3178784108187267,-0.1862428705265727,0.5215684349160581,0.9960079680956174,-0.5941635293337711,0.43724779740759256,-1.4744109743395644,1.174757281553398,1
1.2712509049962388,0.4387332050659529,1.1505552356638187,0.9960079680956174,1.3591991423022403,0.43724779740759256,-0.4679871010702372,-0.03883495145631072,1
0.3794376774065545,-0.8112189461190983,-0.10741836583170257,-1.0040080320963853,0.2994437618284499,1.6063595551819039,1.0416487088337536,-1.2524271844660195,1
-0.9338033779341613,0.4387332050659529,-0.7301152985719855,0.9960079680956174,1.336746697800677,-1.0241418998102965,1.0416487088337536,1.174757281553398,5
-0.8150223594520571,0.4387332050659529,-0.6986659585345976,0.9960079680956174,-0.6974447740409626,0.43724779740759256,0.5384367721990899,-1.2524271844660195,2
-0.9583607055374705,1.6886853562510042,-0.7301152985719855,-1.0040080320963853,-0.6076349960347092,1.6063595551819039,1.0416487088337536,1.174757281553398,5
-0.973440684961251,1.6886853562510042,-0.7301152985719855,-1.0040080320963853,0.5598921180465849,-1.3164198392538744,1.0416487088337536,1.174757281553398,5
-0.816697912721366,1.6886853562510042,-0.6735064865046871,-1.0040080320963853,-0.1406241504021916,1.0218036762947482,0.03522483556442637,1.174757281553398,2
0.38205572938984966,-0.8112189461190983,-0.10741836583170257,-1.0040080320963853,-1.6449379320069357,-1.3164198392538744,1.0416487088337536,-0.03883495145631072,1
1.5346007539959052,0.4387332050659529,1.1505552356638187,0.9960079680956174,-1.5102232649975555,0.14496985796401474,-0.4679871010702372,-0.03883495145631072,1
0.6155074247402847,-0.1862428705265727,0.5215684349160581,-1.0040080320963853,-0.37412957321845036,-1.3164198392538744,0.5384367721990899,1.174757281553398,1
1.2276341589545403,1.6886853562510042,2.399094035148124,-1.0040080320963853,1.3726706090031784,-1.6086977786974521,0.03522483556442637,1.174757281553398,1
-0.996427181374583,0.4387332050659529,-0.7301152985719855,-1.0040080320963853,-0.19001952830563076,-0.1473080814795631,-1.4744109743395644,-1.2524271844660195,5
-0.9609525770009328,1.6886853562510042,-0.7364051665794632,0.9960079680956174,0.5419301624453342,0.43724779740759256,-0.9711990377049008,-0.03883495145631072,6
0.6138056909511429,-0.1862428705265727,0.5215684349160581,-1.0040080320963853,0.6990972739562779,1.314081615738326,-0.9711990377049008,-0.03883495145631072,1
0.7144174286691781,-0.8112189461190983,-0.10741836583170257,0.9960079680956174,0.37129158423345265,0.43724779740759256,0.5384367721990899,1.174757281553398,1
1.4130707809313408,0.4387332050659529,1.1505552356638187,0.9960079680956174,-0.3337151731156363,-0.7318639603667187,-0.9711990377049008,1.174757281553398,1
-0.937887539028102,1.6886853562510042,-0.7301152985719855,-1.0040080320963853,1.6106665207197495,-1.3164198392538744,1.0416487088337536,-0.03883495145631072,5
0.7777742866649227,0.4387332050659529,1.1505552356638187,-1.0040080320963853,1.1885605640903587,-1.6086977786974521,1.0416487088337536,-1.2524271844660195,1
2.0662485702436655,1.6886853562510042,2.399094035148124,0.9960079680956174,0.3308771841306386,-1.0241418998102965,1.0416487088337536,-1.2524271844660195,1
-0.9218126998506692,0.4387332050659529,-0.7364051665794632,0.9960079680956174,1.660061898623189,0.14496985796401474,0.03522483556442637,-1.2524271844660195,6
0.8259988041972205,-0.8112189461190983,-0.10741836583170257,0.9960079680956174,0.6946067850559652,-1.0241418998102965,-1.4744109743395644,1.174757281553398,1
-0.9960082930572558,1.6886853562510042,-0.7301152985719855,-1.0040080320963853,0.6407209182522131,1.314081615738326,-1.4744109743395644,-1.2524271844660195,5
-0.87481866675052,-0.8112189461190983,-0.723825430564508,0.9960079680956174,0.1961625171212589,0.7295257368511704,-0.9711990377049008,1.174757281553398,2
-0.9561615418715025,0.4387332050659529,-0.7301152985719855,-1.0040080320963853,-0.3067722397137603,1.314081615738326,-1.4744109743395644,1.174757281553398,5
0.2385079391457729,-1.123706983915361,-0.4219117662055829,-1.0040080320963853,-0.8635928633525313,-1.6086977786974521,-0.4679871010702372,-1.2524271844660195,1
-0.9700895784226332,-0.1862428705265727,-0.7364051665794632,0.9960079680956174,-1.7078047766113131,-1.0241418998102965,0.5384367721990899,-0.03883495145631072,0
-0.9360810831596282,1.6886853562510042,-0.7301152985719855,-1.0040080320963853,-0.42801544002220243,1.314081615738326,0.5384367721990899,-1.2524271844660195,4
-0.9727338109257613,-0.1862428705265727,-0.7301152985719855,-1.0040080320963853,1.6825143431247522,1.6063595551819039,0.03522483556442637,-0.03883495145631072,5
1.1424951084577797,1.6886853562510042,2.399094035148124,-1.0040080320963853,0.9819980746759758,-1.6086977786974521,0.5384367721990899,-0.03883495145631072,1
-0.8829869889384011,-0.1862428705265727,-0.7112456945495528,-1.0040080320963853,1.6376094541216255,1.0218036762947482,0.5384367721990899,1.174757281553398,2
0.3111588816822153,-0.8112189461190983,-0.10741836583170257,-1.0040080320963853,-0.46842984012501626,1.314081615738326,0.5384367721990899,-1.2524271844660195,1
1.7342010372023329,1.6886853562510042,2.399094035148124,0.9960079680956174,0.7260402073581539,-0.4395860209231409,1.0416487088337536,-0.03883495145631072,1
0.3658761681330853,-0.8112189461190983,-0.10741836583170257,-1.0040080320963853,-0.7423496630440891,-0.1473080814795631,0.03522483556442637,1.174757281553398,1
-0.9654556264122005,-0.1862428705265727,-0.7364051665794632,-1.0040080320963853,0.04348589451062801,-1.3164198392538744,-1.4744109743395644,-0.03883495145631072,6
-0.8251280401075768,0.4387332050659529,-0.6986659585345976,0.9960079680956174,-0.6345779294365852,0.7295257368511704,-0.9711990377049008,-1.2524271844660195,2
1.96199774026885,1.6886853562510042,2.399094035148124,0.9960079680956174,-0.5806920626328331,0.7295257368511704,1.0416487088337536,1.174757281553398,1
1.1666597282635947,1.6886853562510042,2.399094035148124,-1.0040080320963853,-0.45495837342407824,1.0218036762947482,-0.4679871010702372,-1.2524271844660195,1
-0.9796978292013265,0.4387332050659529,-0.7301152985719855,0.9960079680956174,0.02103345000906464,-0.4395860209231409,0.03522483556442637,1.174757281553398,4
-1.0352005312471853,-1.123706983915361,-0.7364051665794632,0.9960079680956174,1.6645523875235015,-0.4395860209231409,-1.4744109743395644,1.174757281553398,3
-1.0524796743369338,-1.123706983915361,-0.7364051665794632,-1.0040080320963853,1.282860830996925,1.314081615738326,0.5384367721990899,1.174757281553398,6
0.7357545523330341,-1.123706983915361,-0.4219117662055829,0.9960079680956174,1.1077317638847306,-0.7318639603667187,-0.9711990377049008,1.174757281553398,1
0.3514507017051287,-0.8112189461190983,-0.10741836583170257,-1.0040080320963853,-1.6314664653059976,-1.6086977786974521,1.5448606454684173,-0.03883495145631072,1
-0.9733097823620862,-1.123706983915361,-0.7364051665794632,-1.0040080320963853,0.43864891773814274,1.0218036762947482,0.5384367721990899,-0.03883495145631072,6
0.7703390190323641,-1.123706983915361,-0.4219117662055829,0.9960079680956174,0.8921882966697223,0.14496985796401474,-1.4744109743395644,1.174757281553398,1
-0.9569207769466581,-1.123706983915361,-0.7301152985719855,-1.0040080320963853,-0.7423496630440891,-0.1473080814795631,0.5384367721990899,-1.2524271844660195,5
1.3668621634261804,0.4387332050659529,1.1505552356638187,0.9960079680956174,-1.3350941978853617,0.14496985796401474,0.03522483556442637,-0.03883495145631072,1
2.2422863856004365,1.6886853562510042,2.399094035148124,0.9960079680956174,0.5015157623425202,-0.4395860209231409,-0.4679871010702372,1.174757281553398,1
-0.9920026735228142,1.6886853562510042,-0.7301152985719855,0.9960079680956174,0.14227665031750683,0.7295257368511704,0.03522483556442637,1.174757281553398,4
0.3810085085965317,-0.8112189461190983,-0.10741836583170257,-1.0040080320963853,1.4310469647072426,1.6063595551819039,-0.4679871010702372,1.174757281553398,1
