measurement_id,timestamp,operation_name,duration_ms,data_size,n_queries,is_peak_hour,server_load,cluster
1,2025-03-24T11:57:34,get_student_grades,42.26,200,2,1,0.17,0
2,2025-03-20T09:01:35,analyze_conflicts,488.75,50,51,0,0.259,2
3,2025-01-25T11:51:10,get_teacher_subjects,23.82,300,1,1,0.659,0
4,2025-01-13T11:06:22,analyze_conflicts,791.66,100,101,1,0.778,2
5,2025-01-18T16:18:53,get_student_grades,52.88,300,2,1,0.603,0
6,2025-01-25T11:18:05,add_grade,20.06,500,1,1,0.784,2
7,2025-02-12T15:13:42,get_student_average,21.28,200,1,1,0.314,0
8,2025-03-24T17:15:10,get_subject_stats,26.9,50,2,0,0.47,0
9,2025-01-08T11:52:02,analyze_conflicts,1218.29,500,501,1,0.744,1
10,2025-03-11T11:13:41,analyze_conflicts,734.92,50,51,1,0.499,2
11,2025-03-18T10:16:47,get_subject_stats,24.17,300,2,1,0.568,0
12,2025-02-03T11:48:03,get_student_average,13.52,200,1,1,0.789,0
13,2025-01-13T18:24:38,analyze_conflicts,536.89,100,101,0,0.897,2
14,2025-03-18T18:48:17,get_teacher_subjects,28.33,50,1,0,0.715,0
15,2025-03-24T14:16:32,analyze_conflicts,751.07,200,201,1,0.71,2
16,2025-01-05T18:23:48,get_student_grades,28.31,200,2,0,0.229,0
17,2025-01-04T17:59:23,get_teacher_subjects,12.47,50,1,0,0.803,0
18,2025-03-03T08:05:46,add_grade,7.63,100,1,0,0.489,2
19,2025-03-06T10:16:33,analyze_conflicts,1061.75,500,501,1,0.798,1
20,2025-03-10T16:25:42,analyze_conflicts,773.68,100,101,1,0.62,2
21,2025-02-01T15:37:35,analyze_conflicts,1049.84,500,501,1,0.284,1
22,2025-01-03T19:57:02,analyze_conflicts,505.24,50,51,0,0.788,2
23,2025-01-24T12:59:56,analyze_conflicts,740.94,100,101,1,0.557,2
24,2025-02-12T14:27:26,analyze_conflicts,861.29,300,301,1,0.474,1
25,2025-02-26T08:55:06,get_subject_stats,17.6,50,2,0,0.299,0
26,2025-01-28T10:59:04,analyze_conflicts,916.47,300,301,1,0.455,1
27,2025-03-27T08:00:05,get_teacher_subjects,25.59,50,1,0,0.841,0
28,2025-01-06T15:24:00,get_group_report,118.69,300,7,1,0.888,0
29,2025-03-22T12:45:31,analyze_conflicts,943.86,300,301,1,0.224,1
30,2025-01-24T17:20:03,analyze_conflicts,509.43,50,51,0,0.14,2
31,2025-01-03T10:38:04,analyze_conflicts,1044.82,500,501,1,0.64,1
32,2025-03-02T17:39:05,analyze_conflicts,489.85,50,51,0,0.435,2
33,2025-01-09T12:25:08,get_teacher_subjects,36.31,200,1,1,0.637,0
34,2025-03-19T09:06:04,analyze_conflicts,600.37,200,201,0,0.53,2
35,2025-02-10T09:10:28,get_group_report,80.17,200,5,0,0.767,0
36,2025-03-10T08:59:42,get_teacher_subjects,39.71,500,1,0,0.183,0
37,2025-01-09T09:18:38,add_grade,26.2,50,1,0,0.269,2
38,2025-01-03T16:40:27,analyze_conflicts,847.61,200,201,1,0.763,2
39,2025-03-15T10:35:45,analyze_conflicts,849.07,200,201,1,0.442,2
40,2025-03-02T19:53:23,analyze_conflicts,516.16,50,51,0,0.566,2
41,2025-01-12T08:13:43,analyze_conflicts,532.33,100,101,0,0.3,2
42,2025-01-28T14:10:51,analyze_conflicts,1288.31,500,501,1,0.749,1
43,2025-02-26T19:42:55,get_student_grades,41.98,100,2,0,0.688,0
44,2025-01-28T19:30:14,analyze_conflicts,524.32,100,101,0,0.26,2
45,2025-02-11T11:17:55,add_grade,30.34,200,1,1,0.156,2
46,2025-02-01T14:07:56,add_grade,51.82,500,1,1,0.876,2
47,2025-02-12T08:46:50,analyze_conflicts,604.34,200,201,0,0.351,2
48,2025-01-23T14:27:00,get_teacher_subjects,11.57,50,1,1,0.516,0
49,2025-03-11T13:39:20,get_subject_stats,20.25,100,2,0,0.631,0
50,2025-02-23T16:18:35,analyze_conflicts,794.93,200,201,1,0.202,2
51,2025-01-20T18:36:19,analyze_conflicts,709.93,300,301,0,0.425,1
52,2025-03-11T11:29:28,add_grade,27.82,200,1,1,0.454,2
53,2025-01-10T19:32:42,analyze_conflicts,686.79,300,301,0,0.606,1
54,2025-01-05T18:01:02,analyze_conflicts,532.42,100,101,0,0.296,2
55,2025-01-23T15:44:24,analyze_conflicts,664.11,50,51,1,0.496,2
56,2025-01-06T09:51:44,analyze_conflicts,511.14,50,51,0,0.514,2
57,2025-02-22T09:33:35,analyze_conflicts,538.26,100,101,0,0.576,2
58,2025-02-27T19:58:35,get_student_average,46.68,500,1,0,0.457,0
59,2025-03-09T15:49:49,analyze_conflicts,881.54,300,301,1,0.517,1
60,2025-01-09T09:21:20,add_grade,32.54,300,1,0,0.814,2
61,2025-01-03T11:26:26,analyze_conflicts,693.01,100,101,1,0.365,2
62,2025-03-23T11:01:54,analyze_conflicts,716.01,50,51,1,0.805,2
63,2025-02-28T13:57:53,get_student_average,9.44,50,1,0,0.435,0
64,2025-02-01T11:24:21,get_teacher_subjects,31.89,500,1,1,0.635,0
65,2025-03-01T15:58:25,get_subject_stats,48.42,100,2,1,0.574,0
66,2025-02-13T10:20:13,get_student_grades,27.93,300,2,1,0.464,0
67,2025-02-27T12:05:30,analyze_conflicts,1006.94,300,301,1,0.116,1
68,2025-03-02T18:48:01,add_grade,1.0,100,1,0,0.86,2
69,2025-01-16T17:42:07,analyze_conflicts,486.1,50,51,0,0.551,2
70,2025-03-24T13:45:07,analyze_conflicts,606.71,200,201,0,0.722,2
71,2025-02-19T09:43:58,analyze_conflicts,623.15,200,201,0,0.867,2
72,2025-03-08T09:06:44,analyze_conflicts,543.68,100,101,0,0.718,2
73,2025-02-18T17:27:42,get_teacher_subjects,30.81,50,1,0,0.396,0
74,2025-02-21T14:57:53,add_grade,3.63,50,1,1,0.468,2
75,2025-03-09T19:39:51,analyze_conflicts,540.87,100,101,0,0.836,2
76,2025-02-28T19:15:53,get_student_average,28.7,300,1,0,0.848,0
77,2025-03-13T11:21:01,analyze_conflicts,996.14,300,301,1,0.495,1
78,2025-02-20T11:44:56,analyze_conflicts,901.78,300,301,1,0.321,1
79,2025-02-16T09:35:48,analyze_conflicts,529.65,100,101,0,0.292,2
80,2025-01-13T15:44:15,analyze_conflicts,985.86,300,301,1,0.345,1
81,2025-03-11T16:22:44,get_student_average,57.23,500,1,1,0.463,0
82,2025-02-04T09:47:34,analyze_conflicts,548.85,100,101,0,0.861,2
83,2025-03-19T19:48:33,get_group_report,49.37,100,3,0,0.577,0
84,2025-03-18T11:08:17,get_group_report,74.05,200,5,1,0.136,0
85,2025-03-28T19:48:31,analyze_conflicts,637.76,200,201,0,0.182,2
86,2025-01-09T15:55:30,analyze_conflicts,823.23,200,201,1,0.191,2
87,2025-03-02T09:09:09,analyze_conflicts,703.08,300,301,0,0.749,1
88,2025-02-20T09:38:50,get_student_grades,27.32,100,2,0,0.595,0
89,2025-02-10T15:36:39,get_student_average,32.88,300,1,1,0.148,0
90,2025-03-03T18:10:15,get_student_grades,13.44,100,2,0,0.239,0
91,2025-02-02T14:14:18,analyze_conflicts,667.98,50,51,1,0.666,2
92,2025-02-26T18:50:40,get_student_average,6.84,50,1,0,0.572,0
93,2025-03-05T09:58:17,get_group_report,81.78,300,7,0,0.761,0
94,2025-02-15T12:07:29,analyze_conflicts,753.58,100,101,1,0.651,2
95,2025-01-14T16:47:20,add_grade,20.18,500,1,1,0.583,0
96,2025-03-19T18:01:48,analyze_conflicts,553.44,100,101,0,0.638,2
97,2025-02-06T10:37:27,analyze_conflicts,673.22,50,51,1,0.608,2
98,2025-03-04T15:54:10,analyze_conflicts,642.48,50,51,1,0.364,2
99,2025-02-11T16:07:49,add_grade,10.48,300,1,1,0.423,2
100,2025-02-20T15:48:31,get_student_grades,33.25,500,2,1,0.6,0
101,2025-03-16T16:07:01,get_group_report,69.68,200,5,1,0.879,0
102,2025-01-08T12:53:58,get_group_report,66.7,100,3,1,0.191,0
103,2025-03-09T15:26:53,get_subject_stats,20.91,100,2,1,0.486,0
104,2025-03-17T16:47:56,analyze_conflicts,855.57,300,301,1,0.209,1
105,2025-03-09T13:52:00,analyze_conflicts,717.37,300,301,0,0.326,1
106,2025-02-28T17:09:28,analyze_conflicts,879.96,500,501,0,0.531,1
107,2025-01-23T16:15:36,analyze_conflicts,1143.5,500,501,1,0.406,1
108,2025-03-26T13:24:24,get_student_average,27.29,50,1,0,0.891,0
109,2025-03-11T15:55:06,get_subject_stats,14.41,100,2,1,0.799,0
110,2025-03-05T15:04:30,analyze_conflicts,1019.68,500,501,1,0.725,1
111,2025-01-28T19:21:54,analyze_conflicts,855.9,500,501,0,0.639,1
112,2025-03-22T16:58:18,add_grade,9.69,300,1,1,0.898,2
113,2025-01-15T18:10:44,get_student_average,25.66,50,1,0,0.34,0
114,2025-02-14T08:09:15,analyze_conflicts,611.73,200,201,0,0.525,2
115,2025-03-22T10:15:31,get_group_report,73.78,100,3,1,0.83,2
116,2025-02-22T18:00:57,analyze_conflicts,690.16,300,301,0,0.744,1
117,2025-03-10T10:40:27,get_subject_stats,58.36,500,2,1,0.652,0
118,2025-01-08T11:24:36,analyze_conflicts,939.02,200,201,1,0.387,2
119,2025-03-13T08:17:00,analyze_conflicts,639.12,200,201,0,0.553,2
120,2025-02-25T17:51:14,get_subject_stats,31.31,50,2,0,0.586,0
121,2025-03-25T17:42:43,analyze_conflicts,530.03,100,101,0,0.771,2
122,2025-02-24T12:08:05,get_subject_stats,7.86,50,2,1,0.828,0
123,2025-02-17T10:32:58,analyze_conflicts,891.03,300,301,1,0.318,1
124,2025-01-15T12:04:09,analyze_conflicts,986.09,300,301,1,0.703,1
125,2025-01-09T16:34:07,analyze_conflicts,925.34,300,301,1,0.464,1
126,2025-03-12T17:06:43,get_subject_stats,21.24,200,2,0,0.287,0
127,2025-01-21T13:04:40,analyze_conflicts,876.61,500,501,0,0.759,1
128,2025-01-10T09:31:07,add_grade,9.59,300,1,0,0.178,2
129,2025-03-18T15:26:37,get_group_report,119.77,300,7,1,0.694,0
130,2025-02-20T18:26:17,analyze_conflicts,683.96,300,301,0,0.126,1
131,2025-01-22T15:23:34,analyze_conflicts,1048.98,300,301,1,0.821,1
132,2025-02-03T12:42:13,get_student_grades,21.28,300,2,1,0.613,0
133,2025-01-26T13:36:13,get_student_grades,13.24,50,2,0,0.155,0
134,2025-01-26T11:57:38,get_group_report,143.71,500,11,1,0.102,0
135,2025-03-28T16:01:08,get_group_report,47.99,100,3,1,0.112,0
136,2025-02-02T13:08:47,get_group_report,90.63,500,11,0,0.437,0
137,2025-03-04T15:28:32,analyze_conflicts,658.38,50,51,1,0.277,2
138,2025-01-16T12:54:25,get_subject_stats,62.0,500,2,1,0.441,0
139,2025-02-20T09:09:04,analyze_conflicts,715.97,300,301,0,0.201,1
140,2025-03-17T19:18:29,get_teacher_subjects,26.01,500,1,0,0.504,0
141,2025-03-24T18:55:13,analyze_conflicts,506.04,50,51,0,0.444,2
142,2025-02-14T15:20:42,get_student_average,35.02,200,1,1,0.304,0
143,2025-01-03T09:27:06,get_subject_stats,12.65,300,2,0,0.696,0
144,2025-03-11T16:42:07,analyze_conflicts,673.8,100,101,1,0.429,2
145,2025-03-17T12:13:09,get_student_average,14.42,50,1,1,0.625,0
146,2025-02-04T13:48:17,analyze_conflicts,513.81,50,51,0,0.559,2
147,2025-03-01T17:38:59,get_teacher_subjects,40.0,500,1,0,0.626,0
148,2025-02-12T12:00:11,get_student_grades,23.52,100,2,1,0.796,0
149,2025-01-24T10:33:13,get_student_average,39.54,50,1,1,0.401,0
150,2025-02-25T13:36:38,analyze_conflicts,532.47,100,101,0,0.168,2
151,2025-01-09T17:28:42,analyze_conflicts,521.99,100,101,0,0.439,2
152,2025-02-04T11:18:43,get_student_average,11.67,200,1,1,0.643,0
153,2025-03-02T08:00:13,analyze_conflicts,608.82,200,201,0,0.341,2
154,2025-02-24T12:27:11,analyze_conflicts,676.82,100,101,1,0.203,2
155,2025-01-13T16:55:47,get_group_report,167.25,500,11,1,0.134,0
156,2025-03-13T13:45:40,analyze_conflicts,503.03,50,51,0,0.434,2
157,2025-03-15T13:53:44,analyze_conflicts,486.87,50,51,0,0.836,2
158,2025-01-13T11:55:19,analyze_conflicts,658.06,50,51,1,0.697,2
159,2025-01-17T09:32:12,analyze_conflicts,540.42,100,101,0,0.825,2
160,2025-01-20T11:09:48,analyze_conflicts,652.58,100,101,1,0.707,2
161,2025-02-22T15:59:56,analyze_conflicts,1004.57,300,301,1,0.552,1
162,2025-02-03T18:30:28,get_teacher_subjects,16.65,200,1,0,0.605,0
163,2025-02-15T13:28:02,get_teacher_subjects,19.79,50,1,0,0.146,0
164,2025-02-15T17:37:35,get_student_grades,27.26,50,2,0,0.863,0
165,2025-02-20T17:30:32,get_student_grades,37.07,300,2,0,0.221,0
166,2025-01-17T13:41:11,analyze_conflicts,519.3,50,51,0,0.131,2
167,2025-02-13T16:26:49,get_student_average,33.6,500,1,1,0.371,0
168,2025-03-22T09:24:18,get_subject_stats,19.19,200,2,0,0.302,0
169,2025-03-05T13:58:22,get_teacher_subjects,4.26,100,1,0,0.348,0
170,2025-02-18T10:24:41,get_subject_stats,53.71,300,2,1,0.733,0
171,2025-02-17T09:23:01,get_subject_stats,40.84,500,2,0,0.39,0
172,2025-02-07T13:14:08,analyze_conflicts,557.91,100,101,0,0.224,2
173,2025-03-02T16:42:21,analyze_conflicts,724.72,50,51,1,0.801,2
174,2025-03-26T10:57:10,get_teacher_subjects,44.48,300,1,1,0.677,0
175,2025-02-20T18:18:48,analyze_conflicts,628.78,200,201,0,0.699,2
176,2025-02-27T11:12:23,analyze_conflicts,1121.26,500,501,1,0.643,1
177,2025-02-06T12:52:12,get_student_average,31.62,300,1,1,0.741,0
178,2025-02-18T08:59:06,analyze_conflicts,625.65,200,201,0,0.669,2
179,2025-02-15T09:57:32,get_student_grades,38.52,200,2,0,0.218,0
180,2025-02-02T15:25:32,analyze_conflicts,803.88,100,101,1,0.399,2
181,2025-02-04T13:53:45,analyze_conflicts,488.98,50,51,0,0.62,2
182,2025-01-25T12:45:30,get_group_report,56.84,50,2,1,0.459,2
183,2025-01-18T08:46:38,analyze_conflicts,490.24,50,51,0,0.522,2
184,2025-02-21T11:50:39,analyze_conflicts,779.02,200,201,1,0.466,2
185,2025-03-17T17:36:15,analyze_conflicts,701.44,300,301,0,0.675,1
186,2025-03-14T17:11:42,analyze_conflicts,494.11,50,51,0,0.635,2
187,2025-03-18T16:01:24,add_grade,30.32,50,1,1,0.799,2
188,2025-01-12T13:50:04,analyze_conflicts,690.15,300,301,0,0.376,1
189,2025-02-05T17:02:22,get_subject_stats,30.91,50,2,0,0.537,0
190,2025-01-26T19:08:04,get_group_report,79.14,300,7,0,0.673,0
191,2025-01-11T11:59:19,get_student_grades,19.82,200,2,1,0.512,0
192,2025-02-12T12:55:49,get_teacher_subjects,36.46,300,1,1,0.138,0
193,2025-02-24T13:28:57,add_grade,13.98,50,1,0,0.865,2
194,2025-03-09T15:51:05,analyze_conflicts,750.73,100,101,1,0.682,2
195,2025-01-11T10:42:18,analyze_conflicts,1161.94,500,501,1,0.345,1
196,2025-02-02T19:46:55,get_student_average,16.76,100,1,0,0.829,0
197,2025-01-03T18:42:40,get_student_average,41.2,200,1,0,0.425,0
198,2025-03-22T08:50:28,get_subject_stats,8.71,100,2,0,0.128,0
199,2025-03-02T13:38:09,analyze_conflicts,615.31,200,201,0,0.643,2
200,2025-03-12T09:25:20,add_grade,26.96,300,1,0,0.62,2
201,2025-02-17T08:24:58,analyze_conflicts,509.43,50,51,0,0.549,2
202,2025-03-10T19:44:58,analyze_conflicts,617.85,200,201,0,0.899,2
203,2025-03-15T09:05:51,analyze_conflicts,538.08,100,101,0,0.646,2
204,2025-03-10T19:57:19,add_grade,3.6,200,1,0,0.781,2
205,2025-01-07T13:50:08,get_subject_stats,23.35,100,2,0,0.289,0
206,2025-03-05T16:39:56,analyze_conflicts,845.42,200,201,1,0.169,2
207,2025-03-03T16:08:20,analyze_conflicts,919.41,300,301,1,0.614,1
208,2025-03-21T13:37:11,analyze_conflicts,845.13,500,501,0,0.714,1
209,2025-03-05T08:19:10,analyze_conflicts,873.26,500,501,0,0.23,1
210,2025-02-07T16:40:35,get_group_report,104.6,200,5,1,0.32,0
211,2025-01-19T09:37:09,get_teacher_subjects,33.1,500,1,0,0.237,0
212,2025-01-03T17:02:41,get_teacher_subjects,5.65,200,1,0,0.717,0
213,2025-03-01T17:31:56,analyze_conflicts,536.66,100,101,0,0.602,2
214,2025-02-10T15:29:04,analyze_conflicts,799.11,200,201,1,0.651,2
215,2025-01-11T15:55:45,analyze_conflicts,927.75,300,301,1,0.355,1
216,2025-01-11T10:15:29,add_grade,30.59,300,1,1,0.198,2
217,2025-02-28T09:39:26,analyze_conflicts,522.02,100,101,0,0.299,2
218,2025-01-25T17:10:31,get_group_report,73.85,200,5,0,0.897,0
219,2025-03-15T15:15:13,analyze_conflicts,764.05,200,201,1,0.567,2
220,2025-03-16T15:18:34,analyze_conflicts,865.06,200,201,1,0.107,2
221,2025-02-02T12:25:03,analyze_conflicts,772.23,100,101,1,0.556,2
222,2025-03-09T12:52:39,analyze_conflicts,1048.92,500,501,1,0.644,1
223,2025-03-12T14:48:09,analyze_conflicts,672.33,50,51,1,0.259,2
224,2025-03-11T08:51:30,get_teacher_subjects,1.06,50,1,0,0.515,0
225,2025-01-13T10:39:47,analyze_conflicts,1118.15,500,501,1,0.774,1
226,2025-02-27T16:01:23,get_teacher_subjects,43.5,500,1,1,0.365,0
227,2025-03-28T17:44:40,analyze_conflicts,692.31,300,301,0,0.121,1
228,2025-01-19T17:30:10,analyze_conflicts,849.1,500,501,0,0.519,1
229,2025-03-23T18:07:12,get_student_average,8.69,100,1,0,0.115,0
230,2025-03-16T14:55:54,analyze_conflicts,752.2,100,101,1,0.689,2
231,2025-03-16T16:33:24,analyze_conflicts,671.97,100,101,1,0.351,2
232,2025-03-25T13:55:46,analyze_conflicts,861.85,500,501,0,0.645,1
233,2025-03-10T15:14:19,add_grade,25.01,500,1,1,0.717,0
234,2025-03-26T13:46:17,get_subject_stats,28.19,300,2,0,0.33,0
235,2025-01-10T14:02:18,get_teacher_subjects,52.76,300,1,1,0.864,0
236,2025-02-07T18:12:52,analyze_conflicts,690.26,300,301,0,0.531,1
237,2025-01-08T10:03:42,get_subject_stats,39.36,200,2,1,0.824,0
238,2025-02-23T08:30:06,analyze_conflicts,524.01,100,101,0,0.645,2
239,2025-02-16T10:41:12,analyze_conflicts,1151.16,500,501,1,0.705,1
240,2025-01-21T18:36:14,analyze_conflicts,602.37,200,201,0,0.528,2
241,2025-01-27T14:25:50,get_student_grades,19.0,100,2,1,0.496,0
242,2025-03-04T08:59:21,add_grade,8.44,50,1,0,0.328,2
243,2025-03-15T15:17:12,get_teacher_subjects,29.1,500,1,1,0.747,0
244,2025-01-01T18:47:21,analyze_conflicts,690.29,300,301,0,0.733,1
245,2025-02-27T17:27:32,get_group_report,64.25,100,3,0,0.362,0
246,2025-01-01T10:16:24,analyze_conflicts,741.41,50,51,1,0.288,2
247,2025-01-09T17:41:23,add_grade,29.92,200,1,0,0.654,2
248,2025-03-23T15:49:19,analyze_conflicts,639.32,50,51,1,0.652,2
249,2025-01-16T17:09:29,add_grade,9.83,200,1,0,0.698,2
250,2025-01-25T15:15:43,get_student_average,52.05,500,1,1,0.704,0
251,2025-03-04T15:03:53,get_student_grades,41.15,500,2,1,0.538,0
252,2025-02-04T10:43:13,get_teacher_subjects,52.91,500,1,1,0.674,0
253,2025-03-14T15:29:36,analyze_conflicts,1234.35,500,501,1,0.146,1
254,2025-02-27T19:00:47,analyze_conflicts,600.87,200,201,0,0.274,2
255,2025-03-02T13:59:57,analyze_conflicts,708.02,300,301,0,0.155,1
256,2025-03-24T14:41:26,get_student_grades,17.99,200,2,1,0.4,0
257,2025-03-05T14:41:55,get_student_average,46.93,300,1,1,0.378,0
258,2025-01-27T14:00:48,analyze_conflicts,1173.97,500,501,1,0.118,1
259,2025-01-15T14:22:09,analyze_conflicts,1178.58,500,501,1,0.321,1
260,2025-02-20T08:49:59,get_subject_stats,33.88,50,2,0,0.807,0
261,2025-01-15T09:38:43,analyze_conflicts,524.04,100,101,0,0.663,2
262,2025-01-05T14:32:18,analyze_conflicts,664.12,50,51,1,0.287,2
263,2025-03-27T17:20:15,get_teacher_subjects,27.92,200,1,0,0.341,0
264,2025-03-19T11:56:47,analyze_conflicts,1126.46,500,501,1,0.829,1
265,2025-03-22T15:24:50,get_student_average,29.27,500,1,1,0.52,0
266,2025-02-08T12:54:14,get_student_average,31.99,100,1,1,0.341,0
267,2025-03-05T16:24:15,get_student_average,16.59,50,1,1,0.304,0
268,2025-03-27T15:12:03,analyze_conflicts,706.23,50,51,1,0.315,2
269,2025-03-24T09:42:35,get_teacher_subjects,7.03,50,1,0,0.274,0
270,2025-01-24T12:07:47,analyze_conflicts,897.75,200,201,1,0.9,2
271,2025-01-13T19:58:15,analyze_conflicts,544.18,100,101,0,0.542,2
272,2025-02-17T16:56:31,get_student_average,23.26,300,1,1,0.473,0
273,2025-02-11T13:26:02,get_subject_stats,45.57,300,2,0,0.55,0
274,2025-03-19T08:46:26,analyze_conflicts,530.43,100,101,0,0.336,2
275,2025-03-21T14:43:21,analyze_conflicts,726.43,100,101,1,0.306,2
276,2025-01-05T15:46:34,get_subject_stats,45.56,300,2,1,0.491,0
277,2025-03-02T16:48:00,get_teacher_subjects,35.36,50,1,1,0.43,0
278,2025-01-17T19:29:23,get_group_report,28.54,50,2,0,0.148,0
279,2025-01-18T18:35:26,get_teacher_subjects,26.51,300,1,0,0.109,0
280,2025-03-14T12:51:58,add_grade,46.63,500,1,1,0.243,2
281,2025-02-09T11:50:25,get_teacher_subjects,24.89,100,1,1,0.163,0
282,2025-03-27T11:54:05,get_student_average,30.47,500,1,1,0.623,0
283,2025-01-21T14:00:44,get_student_grades,29.84,50,2,1,0.237,0
284,2025-03-28T18:06:57,analyze_conflicts,711.38,300,301,0,0.523,1
285,2025-02-09T19:02:59,analyze_conflicts,555.5,100,101,0,0.159,2
286,2025-02-01T18:13:37,get_teacher_subjects,14.32,500,1,0,0.215,0
287,2025-02-22T12:57:34,get_student_average,8.98,50,1,1,0.365,0
288,2025-01-14T16:14:53,get_group_report,50.1,50,2,1,0.161,0
289,2025-03-09T14:50:28,get_teacher_subjects,37.34,500,1,1,0.492,0
290,2025-02-03T14:49:39,analyze_conflicts,879.88,300,301,1,0.336,1
291,2025-02-23T09:50:40,analyze_conflicts,490.72,50,51,0,0.223,2
292,2025-02-15T09:23:48,analyze_conflicts,603.66,200,201,0,0.316,2
293,2025-02-04T14:01:05,analyze_conflicts,719.56,100,101,1,0.383,2
294,2025-01-10T13:26:24,analyze_conflicts,874.55,500,501,0,0.723,1
295,2025-03-13T17:10:08,get_teacher_subjects,21.84,100,1,0,0.315,0
296,2025-02-14T09:19:30,analyze_conflicts,526.69,100,101,0,0.726,2
297,2025-03-20T19:12:29,analyze_conflicts,545.0,100,101,0,0.186,2
298,2025-02-26T13:55:21,analyze_conflicts,713.66,300,301,0,0.452,1
299,2025-03-07T10:30:20,analyze_conflicts,1110.74,500,501,1,0.242,1
300,2025-03-26T12:15:20,analyze_conflicts,881.8,200,201,1,0.401,2
301,2025-01-19T09:34:11,get_student_average,39.28,200,1,0,0.645,0
302,2025-02-27T19:44:04,get_subject_stats,17.39,300,2,0,0.755,0
303,2025-03-05T10:45:27,get_student_average,20.53,300,1,1,0.731,0
304,2025-03-14T15:34:02,analyze_conflicts,1179.85,500,501,1,0.733,1
305,2025-01-04T17:49:15,analyze_conflicts,865.53,500,501,0,0.626,1
306,2025-03-22T08:41:25,analyze_conflicts,862.53,500,501,0,0.873,1
307,2025-02-08T09:32:47,analyze_conflicts,680.42,300,301,0,0.515,1
308,2025-03-19T15:44:32,get_teacher_subjects,22.96,100,1,1,0.221,0
309,2025-01-27T12:46:09,get_student_average,38.41,50,1,1,0.379,0
310,2025-02-24T16:44:28,analyze_conflicts,721.83,100,101,1,0.355,2
311,2025-03-04T08:43:51,analyze_conflicts,513.97,50,51,0,0.231,2
312,2025-02-15T10:14:51,get_group_report,139.8,500,11,1,0.424,0
313,2025-01-15T14:37:27,analyze_conflicts,848.61,300,301,1,0.411,1
314,2025-01-19T19:06:51,get_group_report,77.35,200,5,0,0.798,0
315,2025-02-17T11:40:20,analyze_conflicts,816.23,200,201,1,0.578,2
316,2025-02-20T13:11:52,get_teacher_subjects,13.58,50,1,0,0.639,0
317,2025-02-04T09:15:19,get_teacher_subjects,39.88,500,1,0,0.194,0
318,2025-03-13T16:27:11,analyze_conflicts,711.62,100,101,1,0.489,2
319,2025-01-11T16:53:28,get_subject_stats,17.8,100,2,1,0.596,0
320,2025-03-17T10:41:31,get_student_grades,31.79,300,2,1,0.427,0
321,2025-01-10T15:02:17,analyze_conflicts,875.24,300,301,1,0.28,1
322,2025-02-18T17:32:07,analyze_conflicts,709.7,300,301,0,0.558,1
323,2025-01-25T13:46:28,analyze_conflicts,861.68,500,501,0,0.537,1
324,2025-02-12T12:55:52,get_student_grades,13.23,100,2,1,0.17,0
325,2025-02-28T11:45:39,get_student_grades,35.17,100,2,1,0.606,0
326,2025-03-12T11:34:17,analyze_conflicts,787.57,100,101,1,0.577,2
327,2025-03-22T12:52:06,analyze_conflicts,864.91,200,201,1,0.208,2
328,2025-01-08T12:09:45,get_student_average,6.03,50,1,1,0.358,0
329,2025-03-14T15:24:28,analyze_conflicts,872.73,300,301,1,0.16,1
330,2025-02-15T16:31:20,get_student_grades,47.71,300,2,1,0.566,0
331,2025-03-22T19:44:22,get_subject_stats,40.39,50,2,0,0.78,0
332,2025-02-27T14:18:21,get_student_average,22.82,100,1,1,0.538,0
333,2025-01-02T13:06:40,analyze_conflicts,715.77,300,301,0,0.727,1
334,2025-02-07T10:44:58,analyze_conflicts,642.9,50,51,1,0.206,2
335,2025-02-03T09:23:42,get_group_report,71.18,200,5,0,0.823,0
336,2025-03-25T18:14:27,analyze_conflicts,692.22,300,301,0,0.624,1
337,2025-03-22T15:28:00,get_student_grades,32.1,100,2,1,0.106,0
338,2025-01-13T14:05:46,analyze_conflicts,699.13,50,51,1,0.745,2
339,2025-01-21T12:43:09,analyze_conflicts,778.03,200,201,1,0.155,2
340,2025-03-05T15:58:26,get_teacher_subjects,12.88,100,1,1,0.593,0
341,2025-01-25T09:07:37,analyze_conflicts,555.86,100,101,0,0.684,2
342,2025-01-09T13:41:05,analyze_conflicts,711.64,300,301,0,0.299,1
343,2025-03-10T12:13:33,get_subject_stats,53.46,500,2,1,0.586,0
344,2025-01-16T12:24:07,analyze_conflicts,983.11,300,301,1,0.293,1
345,2025-02-05T08:24:55,get_student_grades,56.48,500,2,0,0.771,0
346,2025-02-25T18:04:01,analyze_conflicts,846.91,500,501,0,0.57,1
347,2025-02-17T08:18:40,analyze_conflicts,556.9,100,101,0,0.67,2
348,2025-03-20T09:09:17,get_student_average,30.62,300,1,0,0.167,0
349,2025-03-25T10:53:41,analyze_conflicts,726.92,100,101,1,0.645,2
350,2025-01-02T19:15:05,analyze_conflicts,718.14,300,301,0,0.84,1
351,2025-03-24T17:42:47,analyze_conflicts,842.2,500,501,0,0.241,1
352,2025-02-12T19:33:33,analyze_conflicts,520.45,100,101,0,0.726,2
353,2025-03-04T10:49:57,get_group_report,103.31,200,5,1,0.123,0
354,2025-03-21T09:04:31,add_grade,20.52,500,1,0,0.464,2
355,2025-01-09T17:49:06,analyze_conflicts,686.68,300,301,0,0.815,1
356,2025-01-28T19:55:00,get_student_grades,25.35,100,2,0,0.296,0
357,2025-01-18T10:51:58,analyze_conflicts,893.46,300,301,1,0.671,1
358,2025-02-27T11:04:36,get_group_report,91.68,200,5,1,0.398,0
359,2025-02-03T11:56:29,get_student_grades,50.88,100,2,1,0.793,0
360,2025-01-12T09:12:18,add_grade,23.12,200,1,0,0.551,2
361,2025-02-25T11:49:12,analyze_conflicts,1151.97,500,501,1,0.686,1
362,2025-01-08T08:34:22,get_group_report,67.3,100,3,0,0.609,2
363,2025-02-28T08:47:46,get_student_grades,38.36,200,2,0,0.346,0
364,2025-01-23T14:17:05,analyze_conflicts,706.63,100,101,1,0.135,2
365,2025-03-03T14:37:06,analyze_conflicts,1203.62,500,501,1,0.504,1
366,2025-02-22T17:08:15,get_student_average,20.21,50,1,0,0.333,0
367,2025-01-03T13:12:08,get_student_average,20.11,200,1,0,0.724,0
368,2025-01-18T10:22:49,get_group_report,45.94,50,2,1,0.266,2
369,2025-03-10T09:52:45,analyze_conflicts,603.62,200,201,0,0.658,2
370,2025-02-13T10:32:03,analyze_conflicts,748.62,200,201,1,0.642,2
371,2025-02-18T08:47:35,analyze_conflicts,558.08,100,101,0,0.3,2
372,2025-01-05T09:12:52,analyze_conflicts,520.48,100,101,0,0.42,2
373,2025-01-01T17:04:12,get_subject_stats,24.94,50,2,0,0.822,0
374,2025-02-04T09:02:29,analyze_conflicts,556.2,100,101,0,0.141,2
375,2025-01-12T15:13:58,get_student_average,35.46,300,1,1,0.25,0
376,2025-03-08T08:41:18,analyze_conflicts,544.56,100,101,0,0.499,2
377,2025-01-14T09:12:41,get_student_average,8.69,50,1,0,0.808,0
378,2025-03-12T08:30:34,get_subject_stats,54.58,500,2,0,0.725,0
379,2025-01-11T16:38:14,analyze_conflicts,1102.83,500,501,1,0.123,1
380,2025-01-06T15:06:15,add_grade,29.51,50,1,1,0.625,2
381,2025-02-12T11:59:53,analyze_conflicts,701.93,50,51,1,0.893,2
382,2025-03-23T17:22:58,analyze_conflicts,532.72,100,101,0,0.573,2
383,2025-01-27T17:51:56,add_grade,15.68,500,1,0,0.876,0
384,2025-01-20T08:14:01,get_group_report,63.61,300,7,0,0.521,0
385,2025-01-26T11:54:55,analyze_conflicts,1229.27,500,501,1,0.359,1
386,2025-01-28T19:33:55,analyze_conflicts,876.69,500,501,0,0.392,1
387,2025-02-11T17:08:10,analyze_conflicts,684.04,300,301,0,0.686,1
388,2025-03-18T18:44:56,analyze_conflicts,692.69,300,301,0,0.843,1
389,2025-02-05T10:11:46,get_group_report,150.71,500,11,1,0.101,0
390,2025-03-11T17:58:51,get_teacher_subjects,8.3,300,1,0,0.874,0
391,2025-01-11T09:47:04,analyze_conflicts,877.47,500,501,0,0.29,1
392,2025-03-11T19:28:00,get_group_report,49.3,50,2,0,0.312,0
393,2025-01-24T13:00:03,analyze_conflicts,490.27,50,51,0,0.409,2
394,2025-02-04T15:53:30,get_group_report,106.57,300,7,1,0.731,0
395,2025-01-10T10:01:20,get_subject_stats,39.33,100,2,1,0.309,0
396,2025-01-18T10:57:05,analyze_conflicts,890.93,200,201,1,0.37,2
397,2025-02-06T14:03:06,get_student_average,7.72,50,1,1,0.365,0
398,2025-03-09T19:42:18,get_student_average,48.02,500,1,0,0.338,0
399,2025-02-05T17:03:23,analyze_conflicts,701.99,300,301,0,0.103,1
400,2025-01-21T15:18:05,analyze_conflicts,1061.95,500,501,1,0.479,1
401,2025-01-21T15:34:24,analyze_conflicts,945.68,300,301,1,0.248,1
402,2025-02-08T15:53:17,add_grade,17.3,100,1,1,0.551,2
403,2025-03-14T09:48:37,analyze_conflicts,506.73,50,51,0,0.282,2
404,2025-02-19T16:56:15,analyze_conflicts,926.08,300,301,1,0.481,1
405,2025-03-22T16:39:09,analyze_conflicts,682.64,50,51,1,0.196,2
406,2025-02-03T11:43:27,get_group_report,52.75,100,3,1,0.262,0
407,2025-01-03T12:24:35,get_group_report,148.68,500,11,1,0.418,0
408,2025-03-20T16:37:33,analyze_conflicts,840.78,200,201,1,0.725,2
409,2025-01-04T10:36:49,analyze_conflicts,739.4,100,101,1,0.181,2
410,2025-02-13T13:41:31,analyze_conflicts,875.12,500,501,0,0.558,1
411,2025-03-23T12:25:02,analyze_conflicts,714.8,100,101,1,0.417,2
412,2025-02-12T08:01:21,get_subject_stats,32.83,100,2,0,0.754,0
413,2025-01-05T15:19:47,analyze_conflicts,906.45,200,201,1,0.454,2
414,2025-01-15T17:13:58,add_grade,29.82,300,1,0,0.759,2
415,2025-01-03T08:19:45,get_teacher_subjects,24.61,200,1,0,0.505,0
416,2025-01-27T17:12:53,analyze_conflicts,841.16,500,501,0,0.146,1
417,2025-02-12T13:52:29,analyze_conflicts,508.19,50,51,0,0.504,2
418,2025-01-28T11:30:37,get_student_grades,31.47,50,2,1,0.541,0
419,2025-01-10T19:01:24,analyze_conflicts,633.23,200,201,0,0.14,2
420,2025-01-09T18:41:26,get_group_report,39.0,100,3,0,0.511,0
421,2025-03-26T15:00:14,get_subject_stats,32.84,50,2,1,0.302,0
422,2025-02-09T14:13:29,add_grade,40.22,200,1,1,0.342,2
423,2025-03-22T17:53:53,get_teacher_subjects,11.09,300,1,0,0.399,0
424,2025-02-09T12:40:20,get_teacher_subjects,28.94,200,1,1,0.789,0
425,2025-01-26T11:54:51,analyze_conflicts,780.06,200,201,1,0.748,2
426,2025-01-21T18:31:18,analyze_conflicts,605.6,200,201,0,0.308,2
427,2025-03-19T19:52:12,analyze_conflicts,681.41,300,301,0,0.375,1
428,2025-03-12T18:32:19,get_subject_stats,46.4,500,2,0,0.776,0
429,2025-02-24T12:51:35,get_teacher_subjects,8.64,100,1,1,0.71,0
430,2025-02-08T18:47:55,analyze_conflicts,603.57,200,201,0,0.346,2
431,2025-01-16T12:03:55,add_grade,23.68,200,1,1,0.608,2
432,2025-03-13T15:33:19,get_teacher_subjects,23.95,50,1,1,0.43,0
433,2025-02-05T11:20:55,get_group_report,81.6,100,3,1,0.673,0
434,2025-02-21T18:03:00,get_student_average,41.47,200,1,0,0.462,0
435,2025-02-26T17:48:49,analyze_conflicts,550.58,100,101,0,0.17,2
436,2025-01-02T14:34:12,get_subject_stats,34.34,300,2,1,0.685,0
437,2025-03-08T11:14:44,add_grade,14.27,500,1,1,0.802,2
438,2025-01-27T14:02:19,analyze_conflicts,664.24,50,51,1,0.859,2
439,2025-02-22T17:08:21,analyze_conflicts,860.96,500,501,0,0.897,1
440,2025-02-01T10:14:14,analyze_conflicts,813.47,100,101,1,0.682,2
441,2025-01-12T17:45:41,analyze_conflicts,500.19,50,51,0,0.734,2
442,2025-01-22T16:06:41,analyze_conflicts,859.79,200,201,1,0.769,2
443,2025-02-16T14:44:09,analyze_conflicts,648.26,50,51,1,0.264,2
444,2025-02-20T14:38:44,get_student_grades,41.67,200,2,1,0.21,0
445,2025-02-04T19:50:06,get_student_grades,41.71,500,2,0,0.498,0
446,2025-01-02T11:35:31,add_grade,32.54,500,1,1,0.828,2
447,2025-01-27T11:36:42,get_student_average,31.28,200,1,1,0.495,0
448,2025-02-21T19:14:29,get_teacher_subjects,28.44,50,1,0,0.891,0
449,2025-01-28T08:02:54,analyze_conflicts,683.99,300,301,0,0.332,1
450,2025-01-01T19:54:08,add_grade,8.64,300,1,0,0.631,2
451,2025-03-03T15:23:52,analyze_conflicts,907.51,200,201,1,0.374,2
452,2025-02-26T15:26:41,analyze_conflicts,889.7,300,301,1,0.809,1
453,2025-01-04T19:26:58,analyze_conflicts,549.06,100,101,0,0.573,2
454,2025-03-01T10:55:43,get_subject_stats,47.45,300,2,1,0.804,0
455,2025-01-03T15:16:41,get_group_report,92.82,300,7,1,0.351,0
456,2025-03-08T19:42:55,get_subject_stats,38.07,500,2,0,0.371,0
457,2025-03-08T09:30:22,get_subject_stats,32.31,500,2,0,0.631,0
458,2025-03-06T17:32:54,get_group_report,92.18,500,11,0,0.475,0
459,2025-02-08T09:21:17,analyze_conflicts,550.06,100,101,0,0.14,2
460,2025-02-26T14:36:28,analyze_conflicts,990.29,300,301,1,0.17,1
461,2025-03-21T09:01:06,analyze_conflicts,639.23,200,201,0,0.423,2
462,2025-03-20T08:40:19,analyze_conflicts,873.04,500,501,0,0.812,1
463,2025-01-27T13:14:54,get_subject_stats,23.53,300,2,0,0.464,0
464,2025-02-04T15:06:48,get_teacher_subjects,37.08,500,1,1,0.627,0
465,2025-02-18T18:33:23,analyze_conflicts,638.58,200,201,0,0.662,2
466,2025-03-14T15:06:16,analyze_conflicts,677.01,100,101,1,0.589,2
467,2025-03-11T11:06:48,analyze_conflicts,943.87,300,301,1,0.432,1
468,2025-02-15T09:42:37,get_subject_stats,45.89,500,2,0,0.865,0
469,2025-01-18T08:59:27,analyze_conflicts,701.21,300,301,0,0.771,1
470,2025-01-04T10:24:42,analyze_conflicts,1193.36,500,501,1,0.58,1
471,2025-01-09T14:25:21,get_teacher_subjects,52.03,300,1,1,0.876,0
472,2025-03-17T10:19:53,analyze_conflicts,719.63,100,101,1,0.661,2
473,2025-01-20T18:45:18,get_subject_stats,23.69,500,2,0,0.649,0
474,2025-03-04T16:48:22,get_group_report,69.98,100,3,1,0.55,0
475,2025-03-10T18:56:54,get_subject_stats,38.91,300,2,0,0.438,0
476,2025-01-22T08:03:12,analyze_conflicts,495.23,50,51,0,0.314,2
477,2025-02-07T10:48:34,add_grade,33.59,200,1,1,0.126,2
478,2025-01-24T18:41:35,get_student_grades,46.58,500,2,0,0.411,0
479,2025-02-13T19:26:50,get_subject_stats,32.58,200,2,0,0.881,0
480,2025-02-07T08:39:55,analyze_conflicts,840.52,500,501,0,0.725,1
481,2025-03-07T17:49:46,get_group_report,66.86,200,5,0,0.871,0
482,2025-01-24T18:32:07,analyze_conflicts,522.98,100,101,0,0.402,2
483,2025-02-01T12:21:29,analyze_conflicts,1066.53,500,501,1,0.668,1
484,2025-03-20T13:53:42,analyze_conflicts,543.88,100,101,0,0.341,2
485,2025-02-17T09:14:11,get_teacher_subjects,35.36,200,1,0,0.516,0
486,2025-01-07T16:42:21,get_group_report,88.96,300,7,1,0.365,0
487,2025-03-01T16:07:42,analyze_conflicts,1153.54,500,501,1,0.377,1
488,2025-01-22T17:56:20,analyze_conflicts,849.75,500,501,0,0.405,1
489,2025-03-27T12:49:23,get_student_grades,29.92,300,2,1,0.511,0
490,2025-03-03T12:06:10,get_student_average,8.72,50,1,1,0.877,0
491,2025-03-21T18:49:13,get_teacher_subjects,2.12,50,1,0,0.792,0
492,2025-03-25T11:27:41,analyze_conflicts,685.16,50,51,1,0.753,2
493,2025-02-02T08:05:04,analyze_conflicts,538.37,100,101,0,0.143,2
494,2025-02-14T17:24:28,get_teacher_subjects,32.36,50,1,0,0.604,0
495,2025-03-24T14:39:04,analyze_conflicts,698.37,50,51,1,0.705,2
496,2025-01-10T13:50:43,get_subject_stats,38.62,50,2,0,0.341,0
497,2025-02-06T14:34:14,analyze_conflicts,926.22,300,301,1,0.209,1
498,2025-03-26T12:55:46,analyze_conflicts,1260.6,500,501,1,0.618,1
499,2025-03-20T16:25:34,get_student_grades,25.22,500,2,1,0.538,0
500,2025-03-12T19:13:26,analyze_conflicts,549.66,100,101,0,0.825,2
