duration_ms,data_size,n_queries,is_peak_hour,server_load,hour,day_of_week,month,operation_name_encoded,cluster
-0.9473910677274636,-0.1862428705265726,-0.7301152985719855,0.9960079680956172,-1.5102232649975555,-0.731863960366719,-1.4744109743395646,1.174757281553398,0.9731046105408272,0
0.2215429622940198,-1.1237069839153608,-0.4219117662055829,-1.0040080320963851,-1.110569752869728,-1.3164198392538746,0.0352248355644263,1.174757281553398,-0.6523485251064345,2
-0.9956679462994276,0.4387332050659528,-0.7364051665794632,0.9960079680956172,0.6856258072553397,-0.731863960366719,1.0416487088337538,-1.2524271844660195,2.0567400343056685,0
1.014577088553975,-0.8112189461190981,-0.1074183658317025,0.9960079680956172,1.2199939863925475,-0.731863960366719,-1.4744109743395646,-1.2524271844660195,-0.6523485251064345,2
-0.9195873556648684,0.4387332050659528,-0.7301152985719855,0.9960079680956172,0.4341584288378299,0.7295257368511702,1.0416487088337538,-1.2524271844660195,0.9731046105408272,0
-1.0055118217566177,1.6886853562510038,-0.7364051665794632,0.9960079680956172,1.2469369197944236,-0.731863960366719,1.0416487088337538,-1.2524271844660195,-1.194166236988855,2
-1.0023177983369973,-0.1862428705265726,-0.7364051665794632,0.9960079680956172,-0.8635928633525314,0.4372477974075923,-0.4679871010702372,-0.0388349514563106,0.4312868986584066,0
-0.987604346190878,-1.1237069839153608,-0.7301152985719855,-1.0040080320963851,-0.1630765949037549,1.021803676294748,-1.4744109743395646,1.174757281553398,1.5149223224232478,0
2.1315166061872155,1.6886853562510038,2.399094035148124,0.9960079680956172,1.0673173637819164,-0.731863960366719,-0.4679871010702372,-1.2524271844660195,-0.6523485251064345,1
0.8660288190218044,-1.1237069839153608,-0.4219117662055829,0.9960079680956172,-0.0328524167946874,-0.731863960366719,-0.9711990377049008,1.174757281553398,-0.6523485251064345,2
-0.9947516281052738,0.4387332050659528,-0.7301152985719855,0.9960079680956172,0.2769913173268863,-1.024141899810297,-0.9711990377049008,1.174757281553398,1.5149223224232478,0
-1.022633881727368,-0.1862428705265726,-0.7364051665794632,0.9960079680956172,1.2693893642959868,-0.731863960366719,-1.4744109743395646,-0.0388349514563106,0.4312868986584066,0
0.3475759847698518,-0.8112189461190981,-0.1074183658317025,-1.0040080320963851,1.754362165529755,1.3140816157383255,-1.4744109743395646,-1.2524271844660195,-0.6523485251064345,2
-0.983860531854766,-1.1237069839153608,-0.7364051665794632,-1.0040080320963851,0.9370931856728488,1.3140816157383255,-0.9711990377049008,1.174757281553398,2.0567400343056685,0
0.9083103585520224,-0.1862428705265726,0.5215684349160581,0.9960079680956172,0.9146407411712856,0.1449698579640145,-1.4744109743395646,1.174757281553398,-0.6523485251064345,2
-0.9839128928944316,-0.1862428705265726,-0.7301152985719855,-1.0040080320963851,-1.2452844198791082,1.3140816157383255,1.5448606454684175,-1.2524271844660195,0.9731046105408272,0
-1.025382836309828,-1.1237069839153608,-0.7364051665794632,-1.0040080320963851,1.3322562089003642,1.021803676294748,1.0416487088337538,-1.2524271844660195,2.0567400343056685,0
-1.038054207908977,-0.8112189461190981,-0.7364051665794632,-1.0040080320963851,-0.0777573057978141,-1.608697778697452,-1.4744109743395646,1.174757281553398,-1.194166236988855,2
1.7216867487221816,1.6886853562510038,2.399094035148124,0.9960079680956172,1.309803764398801,-1.024141899810297,0.0352248355644263,1.174757281553398,-0.6523485251064345,1
0.9675045138943272,-0.8112189461190981,-0.1074183658317025,0.9960079680956172,0.5104967401431454,0.7295257368511702,-1.4744109743395646,1.174757281553398,-0.6523485251064345,2
1.6905057496011355,1.6886853562510038,2.399094035148124,0.9960079680956172,-0.9983075303619116,0.4372477974075923,1.0416487088337538,-0.0388349514563106,-0.6523485251064345,1
0.2647146394985581,-1.1237069839153608,-0.4219117662055829,-1.0040080320963851,1.2648988753956742,1.606359555181904,0.5384367721990901,-1.2524271844660195,-0.6523485251064345,2
0.8817894919612419,-0.8112189461190981,-0.1074183658317025,0.9960079680956172,0.2275959394234475,-0.4395860209231411,0.5384367721990901,-1.2524271844660195,-0.6523485251064345,2
1.1968720481508217,0.4387332050659528,1.150555235663819,0.9960079680956172,-0.1451146393025043,0.1449698579640145,-0.4679871010702372,-0.0388349514563106,-0.6523485251064345,1
-1.0119522296355237,-1.1237069839153608,-0.7301152985719855,-1.0040080320963851,-0.9309501968572216,-1.608697778697452,-0.4679871010702372,-0.0388349514563106,1.5149223224232478,0
1.341336156589052,0.4387332050659528,1.150555235663819,0.9960079680956172,-0.2304339284084448,-1.024141899810297,-0.9711990377049008,-1.2524271844660195,-0.6523485251064345,1
-0.9910339942889947,-1.1237069839153608,-0.7364051665794632,-1.0040080320963851,1.5028947871122451,-1.608697778697452,0.0352248355644263,1.174757281553398,2.0567400343056685,0
-0.7472933546442097,0.4387332050659528,-0.6986659585345976,0.9960079680956172,1.713947765426941,0.4372477974075923,-1.4744109743395646,-1.2524271844660195,-0.1105308132240139,0
1.4130446004115078,0.4387332050659528,1.150555235663819,0.9960079680956172,-1.2677368643806717,-0.4395860209231411,1.0416487088337538,1.174757281553398,-0.6523485251064345,1
0.2756842773085651,-1.1237069839153608,-0.4219117662055829,-1.0040080320963851,-1.6449379320069355,1.021803676294748,0.5384367721990901,-1.2524271844660195,-0.6523485251064345,2
1.6773631286449937,1.6886853562510038,2.399094035148124,0.9960079680956172,0.600306518149399,-1.024141899810297,0.5384367721990901,-1.2524271844660195,-0.6523485251064345,1
0.2244228194756446,-1.1237069839153608,-0.4219117662055829,-1.0040080320963851,-0.3202437064146984,1.021803676294748,1.5448606454684175,1.174757281553398,-0.6523485251064345,2
-0.96296847702807,-0.1862428705265726,-0.7364051665794632,0.9960079680956172,0.5868350514484608,-0.4395860209231411,0.0352248355644263,-1.2524271844660195,2.0567400343056685,0
0.5137699246694325,-0.1862428705265726,0.5215684349160581,-1.0040080320963851,0.1063527391150053,-1.3164198392538746,-0.4679871010702372,1.174757281553398,-0.6523485251064345,2
-0.8481407170407416,-0.1862428705265726,-0.7112456945495528,-1.0040080320963851,1.170598608489108,-1.3164198392538746,-1.4744109743395646,-0.0388349514563106,-0.1105308132240139,0
-0.9540671002848664,1.6886853562510038,-0.7364051665794632,-1.0040080320963851,-1.451846909293491,-1.608697778697452,-1.4744109743395646,1.174757281553398,2.0567400343056685,0
-0.9894369825791848,-1.1237069839153608,-0.7364051665794632,-1.0040080320963851,-1.0656648638666013,-1.3164198392538746,0.0352248355644263,-1.2524271844660195,-1.194166236988855,2
1.161057097019343,-0.1862428705265726,0.5215684349160581,0.9960079680956172,1.152636652887857,0.7295257368511702,0.5384367721990901,-1.2524271844660195,-0.6523485251064345,2
1.164879452914954,-0.1862428705265726,0.5215684349160581,0.9960079680956172,-0.2888102841125097,-1.024141899810297,1.0416487088337538,1.174757281553398,-0.6523485251064345,2
0.2933037671561418,-1.1237069839153608,-0.4219117662055829,-1.0040080320963851,0.2680103395262611,1.606359555181904,1.5448606454684175,1.174757281553398,-0.6523485251064345,2
0.3356376677260257,-0.8112189461190981,-0.1074183658317025,-1.0040080320963851,-0.9264597079569088,-1.608697778697452,1.5448606454684175,-1.2524271844660195,-0.6523485251064345,2
2.314832606057547,1.6886853562510038,2.399094035148124,0.9960079680956172,1.08976980828348,0.1449698579640145,-0.9711990377049008,-1.2524271844660195,-0.6523485251064345,1
-0.948124122282786,-0.8112189461190981,-0.7301152985719855,-1.0040080320963851,0.8158499853644067,1.606359555181904,-0.4679871010702372,-0.0388349514563106,0.9731046105408272,0
0.314667071339831,-0.8112189461190981,-0.1074183658317025,-1.0040080320963851,-1.1060792639694157,1.606359555181904,-0.9711990377049008,-1.2524271844660195,-0.6523485251064345,2
-0.9785982473683428,-0.1862428705265726,-0.7364051665794632,0.9960079680956172,-1.573090109601933,-0.731863960366719,-0.9711990377049008,-0.0388349514563106,-1.194166236988855,2
-0.922362490767161,1.6886853562510038,-0.7364051665794632,0.9960079680956172,1.660061898623189,0.1449698579640145,1.0416487088337538,-0.0388349514563106,-1.194166236988855,2
0.5241635910431146,-0.1862428705265726,0.5215684349160581,-1.0040080320963851,-0.6974447740409627,-1.608697778697452,-0.4679871010702372,-0.0388349514563106,-0.6523485251064345,2
-1.027739083094794,-1.1237069839153608,-0.7364051665794632,0.9960079680956172,0.0434858945106279,0.1449698579640145,0.0352248355644263,-1.2524271844660195,2.0567400343056685,0
-1.0050143918797914,-0.8112189461190981,-0.7301152985719855,-1.0040080320963851,0.5598921180465848,-0.1473080814795632,-0.9711990377049008,1.174757281553398,1.5149223224232478,0
1.0231381185393504,-0.1862428705265726,0.5215684349160581,0.9960079680956172,-1.3665276201875505,0.7295257368511702,1.5448606454684175,-0.0388349514563106,-0.6523485251064345,2
0.8006036999592568,0.4387332050659528,1.150555235663819,-1.0040080320963851,-0.3651485954178251,1.3140816157383255,-1.4744109743395646,-1.2524271844660195,-0.6523485251064345,1
-0.9851957383662464,-0.1862428705265726,-0.7364051665794632,0.9960079680956172,-0.2349244173087575,-0.731863960366719,-0.9711990377049008,1.174757281553398,-1.194166236988855,2
0.7400219770658054,0.4387332050659528,1.150555235663819,-1.0040080320963851,0.447629895538768,1.606359555181904,0.5384367721990901,-1.2524271844660195,-0.6523485251064345,1
0.3358732924045221,-0.8112189461190981,-0.1074183658317025,-1.0040080320963851,-0.9444216635581596,1.3140816157383255,1.5448606454684175,-1.2524271844660195,-0.6523485251064345,2
0.68064455808467,-1.1237069839153608,-0.4219117662055829,0.9960079680956172,-0.0463238834956254,0.4372477974075923,0.0352248355644263,-1.2524271844660195,-0.6523485251064345,2
0.2801611461999998,-1.1237069839153608,-0.4219117662055829,-1.0040080320963851,0.0345049167100025,-1.3164198392538746,-1.4744109743395646,-1.2524271844660195,-0.6523485251064345,2
0.3511627159869663,-0.8112189461190981,-0.1074183658317025,-1.0040080320963851,0.3129152285293878,-1.3164198392538746,1.0416487088337538,-0.0388349514563106,-0.6523485251064345,2
-0.9358192779612984,1.6886853562510038,-0.7364051665794632,-1.0040080320963851,-0.2214529506078194,1.606359555181904,0.0352248355644263,-0.0388349514563106,0.4312868986584066,0
1.2498876008125497,0.4387332050659528,1.150555235663819,0.9960079680956172,0.0479763834109405,0.4372477974075923,1.5448606454684175,1.174757281553398,-0.6523485251064345,1
-0.9728385330050928,0.4387332050659528,-0.7364051665794632,-1.0040080320963851,1.381651586803803,-1.3164198392538746,0.0352248355644263,-1.2524271844660195,-1.194166236988855,2
0.7563062604019017,-0.8112189461190981,-0.1074183658317025,0.9960079680956172,-0.6345779294365853,-0.731863960366719,0.5384367721990901,-1.2524271844660195,-0.6523485251064345,2
0.8165214560176919,-1.1237069839153608,-0.4219117662055829,0.9960079680956172,1.3412371867009896,-0.731863960366719,1.5448606454684175,1.174757281553398,-0.6523485251064345,2
-1.0333155338192126,-1.1237069839153608,-0.7364051665794632,-1.0040080320963851,-0.3202437064146984,-0.1473080814795632,0.5384367721990901,-0.0388349514563106,0.4312868986584066,0
-0.9745402667942348,1.6886853562510038,-0.7364051665794632,0.9960079680956172,0.5778540736478355,-0.731863960366719,1.0416487088337538,-0.0388349514563106,2.0567400343056685,0
-0.9312638675103648,-0.8112189461190981,-0.7301152985719855,0.9960079680956172,0.3039342507287624,0.4372477974075923,1.0416487088337538,1.174757281553398,1.5149223224232478,0
-0.9849077526480838,0.4387332050659528,-0.7301152985719855,0.9960079680956172,-0.1900195283056308,-1.024141899810297,0.0352248355644263,-0.0388349514563106,0.9731046105408272,0
1.5781913195177708,0.4387332050659528,1.150555235663819,0.9960079680956172,-1.75270966561444,-0.4395860209231411,0.0352248355644263,-0.0388349514563106,-0.6523485251064345,1
-1.0554118925582243,-0.8112189461190981,-0.7364051665794632,-1.0040080320963851,1.5882140762181862,1.3140816157383255,1.5448606454684175,1.174757281553398,-1.194166236988855,2
0.2146051245382876,-1.1237069839153608,-0.4219117662055829,-1.0040080320963851,0.2006530060215714,1.021803676294748,0.0352248355644263,-1.2524271844660195,-0.6523485251064345,2
0.5303683742435243,-0.1862428705265726,0.5215684349160581,-1.0040080320963851,0.9685266079750376,-0.1473080814795632,-1.4744109743395646,1.174757281553398,-0.6523485251064345,2
0.5734091488488976,-0.1862428705265726,0.5215684349160581,-1.0040080320963851,1.6196474985203748,-1.3164198392538746,-0.4679871010702372,-0.0388349514563106,-0.6523485251064345,2
0.3653525577364262,-0.8112189461190981,-0.1074183658317025,-1.0040080320963851,0.9505646523737872,-1.3164198392538746,1.0416487088337538,1.174757281553398,-0.6523485251064345,2
-0.9773677629361937,-1.1237069839153608,-0.7364051665794632,-1.0040080320963851,-0.4953727735268924,1.021803676294748,-0.9711990377049008,-0.0388349514563106,2.0567400343056685,0
-1.048526415842158,-1.1237069839153608,-0.7364051665794632,0.9960079680956172,-0.17205757270438,0.1449698579640145,0.5384367721990901,-0.0388349514563106,-1.194166236988855,2
0.3579958316633668,-0.8112189461190981,-0.1074183658317025,-1.0040080320963851,1.480442342610682,1.606359555181904,1.5448606454684175,1.174757281553398,-0.6523485251064345,2
-0.9828918526209468,0.4387332050659528,-0.7364051665794632,-1.0040080320963851,1.5343282094144342,1.606359555181904,0.5384367721990901,-0.0388349514563106,0.4312868986584066,0
1.5499163580981818,0.4387332050659528,1.150555235663819,0.9960079680956172,-0.0508143723959381,-0.731863960366719,0.0352248355644263,1.174757281553398,-0.6523485251064345,1
1.302876972954445,0.4387332050659528,1.150555235663819,0.9960079680956172,-0.8321594410503427,-0.731863960366719,0.0352248355644263,-0.0388349514563106,-0.6523485251064345,1
0.3286212884107944,-0.8112189461190981,-0.1074183658317025,-1.0040080320963851,-0.96238361915941,-1.3164198392538746,1.5448606454684175,-0.0388349514563106,-0.6523485251064345,2
1.5230027837099072,0.4387332050659528,1.150555235663819,0.9960079680956172,-0.7243877074428388,0.4372477974075923,-1.4744109743395646,-1.2524271844660195,-0.6523485251064345,1
-0.9081988295375338,1.6886853562510038,-0.7364051665794632,0.9960079680956172,-0.1945100172059435,0.7295257368511702,-0.9711990377049008,1.174757281553398,0.4312868986584066,0
0.3788878864900627,-0.8112189461190981,-0.1074183658317025,-1.0040080320963851,1.5927045651184988,-1.3164198392538746,-0.9711990377049008,-0.0388349514563106,-0.6523485251064345,2
-0.9287767181262344,-0.8112189461190981,-0.723825430564508,-1.0040080320963851,0.3174057174297005,1.606359555181904,-0.4679871010702372,1.174757281553398,-0.1105308132240139,0
-0.8641631951785083,-0.1862428705265726,-0.7112456945495528,0.9960079680956172,-1.6628998876081864,-0.731863960366719,-0.9711990377049008,1.174757281553398,-0.1105308132240139,0
0.6116588883248408,-0.1862428705265726,0.5215684349160581,-1.0040080320963851,-1.4563373981938037,1.606359555181904,0.5384367721990901,1.174757281553398,-0.6523485251064345,2
1.0972289896666054,-0.1862428705265726,0.5215684349160581,0.9960079680956172,-1.4159229980909895,0.4372477974075923,0.0352248355644263,-1.2524271844660195,-0.6523485251064345,2
0.7826700438736848,0.4387332050659528,1.150555235663819,-1.0040080320963851,1.08976980828348,-1.3164198392538746,1.5448606454684175,1.174757281553398,-0.6523485251064345,1
-0.986504764357894,-0.8112189461190981,-0.7301152985719855,-1.0040080320963851,0.3982345176353286,-1.3164198392538746,0.0352248355644263,-0.0388349514563106,0.9731046105408272,0
-0.9719483953307728,0.4387332050659528,-0.7364051665794632,0.9960079680956172,-1.6090140208044343,0.4372477974075923,-1.4744109743395646,-0.0388349514563106,0.4312868986584066,0
-1.022843325886032,-0.8112189461190981,-0.7301152985719855,-1.0040080320963851,-1.2003795308759817,1.3140816157383255,-1.4744109743395646,1.174757281553398,0.9731046105408272,0
0.6907764192600224,-1.1237069839153608,-0.4219117662055829,0.9960079680956172,0.7170592295575284,0.1449698579640145,1.5448606454684175,-0.0388349514563106,-0.6523485251064345,2
-1.0401224689757804,-1.1237069839153608,-0.7364051665794632,-1.0040080320963851,0.2949532729281371,1.3140816157383255,-0.4679871010702372,-0.0388349514563106,0.4312868986584066,0
-0.8439256533476363,0.4387332050659528,-0.6986659585345976,-1.0040080320963851,1.143655675087232,-1.3164198392538746,-0.4679871010702372,1.174757281553398,-0.1105308132240139,0
0.9148816690300936,-0.8112189461190981,-0.1074183658317025,0.9960079680956172,0.6497018960528383,-0.4395860209231411,1.0416487088337538,-0.0388349514563106,-0.6523485251064345,2
-1.005197655518622,1.6886853562510038,-0.7364051665794632,0.9960079680956172,0.3443486508315765,0.7295257368511702,-0.9711990377049008,-1.2524271844660195,-1.194166236988855,0
0.3909047450933879,-0.8112189461190981,-0.1074183658317025,-1.0040080320963851,0.5913255403487735,1.3140816157383255,-0.4679871010702372,1.174757281553398,-0.6523485251064345,2
0.7044950116524895,-1.1237069839153608,-0.4219117662055829,0.9960079680956172,0.4566108733393932,-1.024141899810297,0.0352248355644263,-0.0388349514563106,-0.6523485251064345,2
0.6240160936859943,-1.1237069839153608,-0.4219117662055829,0.9960079680956172,-0.639068418336898,0.4372477974075923,-0.9711990377049008,1.174757281553398,-0.6523485251064345,2
-1.0305927597565856,0.4387332050659528,-0.7364051665794632,0.9960079680956172,-0.3741295732184504,0.7295257368511702,-0.9711990377049008,-0.0388349514563106,-1.194166236988855,2
-0.9709797160969532,1.6886853562510038,-0.7301152985719855,0.9960079680956172,0.4206869621368919,0.4372477974075923,0.0352248355644263,-0.0388349514563106,0.9731046105408272,0
-0.8756040823455085,-0.1862428705265726,-0.7112456945495528,0.9960079680956172,1.6735333653241269,0.7295257368511702,1.5448606454684175,1.174757281553398,-0.1105308132240139,0
-0.8834058772557283,-0.8112189461190981,-0.723825430564508,0.9960079680956172,-1.4159229980909895,-0.4395860209231411,-0.4679871010702372,-1.2524271844660195,-0.1105308132240139,0
-1.0032864775708163,-0.8112189461190981,-0.7301152985719855,0.9960079680956172,-0.0912287724987521,0.4372477974075923,1.5448606454684175,1.174757281553398,1.5149223224232478,0
1.181896790806373,0.4387332050659528,1.150555235663819,0.9960079680956172,-1.3350941978853617,0.7295257368511702,-1.4744109743395646,1.174757281553398,-0.6523485251064345,1
0.8200820067149734,0.4387332050659528,1.150555235663819,-1.0040080320963851,-0.8097069965487793,-0.1473080814795632,1.5448606454684175,1.174757281553398,-0.6523485251064345,1
1.2457510786789434,1.6886853562510038,2.399094035148124,-1.0040080320963851,0.110843228015318,1.021803676294748,0.5384367721990901,-0.0388349514563106,-0.6523485251064345,1
1.935712498356566,1.6886853562510038,2.399094035148124,0.9960079680956172,-0.4504678845237656,0.7295257368511702,0.0352248355644263,-1.2524271844660195,-0.6523485251064345,1
-0.9865833059173928,-1.1237069839153608,-0.7364051665794632,-1.0040080320963851,1.727419232127879,-0.1473080814795632,-0.4679871010702372,1.174757281553398,0.4312868986584066,0
-1.0203038154622357,-0.8112189461190981,-0.7301152985719855,0.9960079680956172,1.3142942532991135,0.4372477974075923,-0.9711990377049008,1.174757281553398,1.5149223224232478,0
1.6115453017849513,1.6886853562510038,2.399094035148124,0.9960079680956172,0.9819980746759756,0.4372477974075923,-0.4679871010702372,1.174757281553398,-0.6523485251064345,1
1.1827607479608602,1.6886853562510038,2.399094035148124,-1.0040080320963851,0.5958160292490863,1.606359555181904,-0.9711990377049008,-1.2524271844660195,-0.6523485251064345,1
-1.0326610208233888,0.4387332050659528,-0.7364051665794632,0.9960079680956172,1.7588526544300678,0.7295257368511702,1.0416487088337538,1.174757281553398,-1.194166236988855,2
-0.990850730650164,-1.1237069839153608,-0.7364051665794632,-1.0040080320963851,-0.7468401519444019,1.3140816157383255,-0.4679871010702372,-1.2524271844660195,0.4312868986584066,0
0.5435109951996663,-0.1862428705265726,0.5215684349160581,-1.0040080320963851,0.0839002946134419,-1.608697778697452,0.5384367721990901,-0.0388349514563106,-0.6523485251064345,2
-0.864870069213998,-0.8112189461190981,-0.723825430564508,0.9960079680956172,1.453499409208806,-1.024141899810297,1.0416487088337538,1.174757281553398,-0.1105308132240139,2
0.7488448122495104,0.4387332050659528,1.150555235663819,-1.0040080320963851,1.0673173637819164,1.3140816157383255,1.0416487088337538,-0.0388349514563106,-0.6523485251064345,1
-0.9052404307964104,1.6886853562510038,-0.7301152985719855,0.9960079680956172,0.654192384953151,-1.024141899810297,-1.4744109743395646,1.174757281553398,1.5149223224232478,0
1.4003732288123591,-0.1862428705265726,0.5215684349160581,0.9960079680956172,-0.5357871736297065,-0.731863960366719,-0.4679871010702372,-1.2524271844660195,-0.6523485251064345,2
0.6152194390221224,-0.1862428705265726,0.5215684349160581,-1.0040080320963851,0.2096339838221968,-1.608697778697452,0.0352248355644263,1.174757281553398,-0.6523485251064345,2
-0.9760587369445464,-1.1237069839153608,-0.7301152985719855,-1.0040080320963851,0.3578201175325144,1.021803676294748,-0.9711990377049008,-0.0388349514563106,1.5149223224232478,0
0.3296161481644465,-0.8112189461190981,-0.1074183658317025,-1.0040080320963851,1.1885605640903587,1.021803676294748,-0.9711990377049008,1.174757281553398,-0.6523485251064345,2
-1.037452055952819,-1.1237069839153608,-0.7301152985719855,0.9960079680956172,1.4445184314081807,-0.4395860209231411,-1.4744109743395646,-0.0388349514563106,1.5149223224232478,0
1.2747329141340211,0.4387332050659528,1.150555235663819,0.9960079680956172,-0.8456309077512807,-1.024141899810297,-1.4744109743395646,-0.0388349514563106,-0.6523485251064345,1
1.523604935666065,0.4387332050659528,1.150555235663819,0.9960079680956172,0.8832073188690969,-0.4395860209231411,-0.4679871010702372,-1.2524271844660195,-0.6523485251064345,1
1.3645582776808804,0.4387332050659528,1.150555235663819,0.9960079680956172,-0.1900195283056308,0.7295257368511702,0.0352248355644263,-1.2524271844660195,-0.6523485251064345,1
-1.002422520416329,-0.1862428705265726,-0.7301152985719855,-1.0040080320963851,-0.9848360636609736,1.021803676294748,-0.4679871010702372,1.174757281553398,1.5149223224232478,0
1.2369806045349043,1.6886853562510038,2.399094035148124,-1.0040080320963851,1.1346746972866066,-0.1473080814795632,-0.9711990377049008,-1.2524271844660195,-0.6523485251064345,1
-1.0329228260217185,0.4387332050659528,-0.7364051665794632,-1.0040080320963851,-1.4742993537950544,-1.3164198392538746,0.5384367721990901,-1.2524271844660195,-1.194166236988855,2
-0.7444658585022509,0.4387332050659528,-0.6986659585345976,0.9960079680956172,0.8427929187662827,0.4372477974075923,-0.9711990377049008,1.174757281553398,-0.1105308132240139,0
0.7326128899530802,0.4387332050659528,1.150555235663819,-1.0040080320963851,-1.7078047766113131,1.3140816157383255,0.0352248355644263,-0.0388349514563106,-0.6523485251064345,1
1.688254224895502,0.4387332050659528,1.150555235663819,0.9960079680956172,1.413085009105992,0.4372477974075923,-0.4679871010702372,-1.2524271844660195,-0.6523485251064345,1
-1.0023177983369973,0.4387332050659528,-0.7301152985719855,0.9960079680956172,0.4790633178409567,-0.4395860209231411,-1.4744109743395646,-0.0388349514563106,0.9731046105408272,0
-1.023366936282691,-1.1237069839153608,-0.7301152985719855,-1.0040080320963851,-1.5775805985022455,-0.1473080814795632,1.5448606454684175,-1.2524271844660195,0.9731046105408272,0
-0.6817896940221633,1.6886853562510038,-0.6735064865046871,0.9960079680956172,-1.8155765102188173,-0.731863960366719,1.5448606454684175,-1.2524271844660195,-0.1105308132240139,0
-0.932389629863182,-0.8112189461190981,-0.723825430564508,0.9960079680956172,-1.7706716212156903,0.7295257368511702,0.5384367721990901,1.174757281553398,-0.1105308132240139,0
-0.8207558932954736,1.6886853562510038,-0.6735064865046871,-1.0040080320963851,-0.311262728614073,-0.1473080814795632,1.5448606454684175,-0.0388349514563106,-0.1105308132240139,0
0.6656431202203883,-1.1237069839153608,-0.4219117662055829,0.9960079680956172,-1.0297409526641,0.4372477974075923,-0.9711990377049008,1.174757281553398,-0.6523485251064345,2
-0.8957107215772158,1.6886853562510038,-0.7301152985719855,0.9960079680956172,-0.2933007730128223,-0.4395860209231411,0.0352248355644263,-1.2524271844660195,1.5149223224232478,0
0.8164167339383601,0.4387332050659528,1.150555235663819,-1.0040080320963851,-1.3710181090878628,-1.3164198392538746,0.0352248355644263,-0.0388349514563106,-0.6523485251064345,1
-0.9899344124560108,1.6886853562510038,-0.7364051665794632,-1.0040080320963851,-0.010399972293124,1.606359555181904,-1.4744109743395646,1.174757281553398,2.0567400343056685,0
0.2668090810851943,-1.1237069839153608,-0.4219117662055829,-1.0040080320963851,-0.2798293063118843,1.3140816157383255,-1.4744109743395646,1.174757281553398,-0.6523485251064345,2
-0.9663457640865208,-0.1862428705265726,-0.7364051665794632,0.9960079680956172,-0.908497752355658,0.4372477974075923,0.5384367721990901,-0.0388349514563106,0.4312868986584066,0
-1.0249115869528351,0.4387332050659528,-0.7301152985719855,-1.0040080320963851,0.851773896566908,-1.3164198392538746,0.5384367721990901,-1.2524271844660195,1.5149223224232478,0
0.7060134818028005,-0.8112189461190981,-0.1074183658317025,0.9960079680956172,-0.3471866398165744,0.7295257368511702,-0.9711990377049008,1.174757281553398,-0.6523485251064345,2
-1.0202776349424023,-1.1237069839153608,-0.7364051665794632,0.9960079680956172,0.5329491846447088,-0.4395860209231411,-1.4744109743395646,1.174757281553398,0.4312868986584066,0
0.287151344995398,-1.1237069839153608,-0.4219117662055829,-1.0040080320963851,0.2365769172240728,-0.1473080814795632,-0.9711990377049008,-0.0388349514563106,-0.6523485251064345,2
-0.9533078652097108,1.6886853562510038,-0.7364051665794632,-1.0040080320963851,0.5374396735450214,1.021803676294748,1.0416487088337538,1.174757281553398,2.0567400343056685,0
-0.996453361894416,-0.8112189461190981,-0.7301152985719855,0.9960079680956172,1.3008227865981756,-0.4395860209231411,-0.4679871010702372,-0.0388349514563106,0.9731046105408272,0
-0.9545121691220264,-1.1237069839153608,-0.7364051665794632,0.9960079680956172,-0.472920329025329,-1.024141899810297,0.5384367721990901,-1.2524271844660195,0.4312868986584066,0
0.336004195003687,-0.8112189461190981,-0.1074183658317025,-1.0040080320963851,-1.519204242798181,-0.1473080814795632,-0.9711990377049008,-0.0388349514563106,-0.6523485251064345,2
0.3085670102187531,-0.8112189461190981,-0.1074183658317025,-1.0040080320963851,-0.3022817508134477,1.021803676294748,0.0352248355644263,-1.2524271844660195,-0.6523485251064345,2
-1.0274772778964645,-0.1862428705265726,-0.7364051665794632,0.9960079680956172,0.613777984850337,-0.731863960366719,-0.9711990377049008,-0.0388349514563106,0.4312868986584066,0
0.5358924639282773,-0.1862428705265726,0.5215684349160581,-1.0040080320963851,-0.7423496630440892,-1.608697778697452,1.5448606454684175,1.174757281553398,-0.6523485251064345,2
0.7139199987923524,-0.8112189461190981,-0.1074183658317025,0.9960079680956172,-1.3620371312872377,-0.4395860209231411,-1.4744109743395646,-0.0388349514563106,-0.6523485251064345,2
-0.6201607503353938,1.6886853562510038,-0.6735064865046871,0.9960079680956172,-1.6718808654088118,0.7295257368511702,-1.4744109743395646,-1.2524271844660195,-0.1105308132240139,0
0.2589287446154756,-1.1237069839153608,-0.4219117662055829,-1.0040080320963851,-0.324734195315011,-0.1473080814795632,0.0352248355644263,1.174757281553398,-0.6523485251064345,2
0.2166210245654249,-1.1237069839153608,-0.4219117662055829,-1.0040080320963851,1.480442342610682,-0.1473080814795632,1.0416487088337538,1.174757281553398,-0.6523485251064345,2
0.6648053435857337,-1.1237069839153608,-0.4219117662055829,0.9960079680956172,0.8562643854672207,-0.731863960366719,-1.4744109743395646,-1.2524271844660195,-0.6523485251064345,2
0.3568177082708838,-0.8112189461190981,-0.1074183658317025,-1.0040080320963851,1.4310469647072426,-1.3164198392538746,0.5384367721990901,-1.2524271844660195,-0.6523485251064345,2
0.6504584187172762,-0.8112189461190981,-0.1074183658317025,0.9960079680956172,0.9011692744703474,-0.731863960366719,-1.4744109743395646,-1.2524271844660195,-0.6523485251064345,2
1.5719865363173608,0.4387332050659528,1.150555235663819,0.9960079680956172,0.2051434949218841,0.4372477974075923,1.0416487088337538,-0.0388349514563106,-0.6523485251064345,1
-1.0144393790196542,-0.1862428705265726,-0.7364051665794632,-1.0040080320963851,0.4431394066384553,1.3140816157383255,-1.4744109743395646,-0.0388349514563106,2.0567400343056685,0
-1.006218695792107,-1.1237069839153608,-0.7364051665794632,-1.0040080320963851,-1.6179949986050597,-0.1473080814795632,1.0416487088337538,-0.0388349514563106,2.0567400343056685,0
-0.986661847476892,-1.1237069839153608,-0.7301152985719855,-1.0040080320963851,1.601685542919124,1.021803676294748,1.0416487088337538,-0.0388349514563106,0.9731046105408272,0
-0.9609787575207656,0.4387332050659528,-0.7301152985719855,-1.0040080320963851,-1.2812083310816096,1.021803676294748,0.0352248355644263,-0.0388349514563106,0.9731046105408272,0
0.3015244503836888,-1.1237069839153608,-0.4219117662055829,-1.0040080320963851,-1.6853523321097497,-0.1473080814795632,0.5384367721990901,-1.2524271844660195,-0.6523485251064345,2
-0.9700633979028,1.6886853562510038,-0.7364051665794632,0.9960079680956172,-0.6076349960347093,0.7295257368511702,0.0352248355644263,-0.0388349514563106,0.4312868986584066,0
-1.0077895269820842,-0.1862428705265726,-0.7301152985719855,-1.0040080320963851,-0.9174787301562832,-1.3164198392538746,1.0416487088337538,1.174757281553398,1.5149223224232478,0
-1.046877043092682,-0.8112189461190981,-0.7364051665794632,-1.0040080320963851,-0.7109162407419007,-0.1473080814795632,-0.4679871010702372,1.174757281553398,2.0567400343056685,0
-0.917414372518733,0.4387332050659528,-0.7301152985719855,0.9960079680956172,1.0179219858784772,-1.024141899810297,-0.9711990377049008,-0.0388349514563106,1.5149223224232478,0
-0.9511087015437428,1.6886853562510038,-0.7301152985719855,-1.0040080320963851,-0.5223157069287685,-1.3164198392538746,-1.4744109743395646,-0.0388349514563106,1.5149223224232478,0
0.4026074374587173,-0.8112189461190981,-0.1074183658317025,-1.0040080320963851,-1.2677368643806717,-0.1473080814795632,0.5384367721990901,-0.0388349514563106,-0.6523485251064345,2
0.8393246887921934,-1.1237069839153608,-0.4219117662055829,0.9960079680956172,1.3232752310997389,0.7295257368511702,1.5448606454684175,1.174757281553398,-0.6523485251064345,2
-0.941578992324548,0.4387332050659528,-0.7364051665794632,0.9960079680956172,0.7664546074609678,-1.024141899810297,-0.4679871010702372,1.174757281553398,2.0567400343056685,0
0.5881487815148497,-0.1862428705265726,0.5215684349160581,-1.0040080320963851,0.8652453632678462,1.3140816157383255,0.0352248355644263,-0.0388349514563106,-0.6523485251064345,2
1.8774870222480804,1.6886853562510038,2.399094035148124,0.9960079680956172,0.613777984850337,-0.731863960366719,0.0352248355644263,-0.0388349514563106,-0.6523485251064345,1
-0.9752471408297244,0.4387332050659528,-0.7364051665794632,0.9960079680956172,1.0538458970809783,-0.4395860209231411,0.0352248355644263,-0.0388349514563106,0.4312868986584066,0
0.5799542788071357,-0.1862428705265726,0.5215684349160581,-1.0040080320963851,0.7305306962584664,-1.608697778697452,-0.9711990377049008,-0.0388349514563106,-0.6523485251064345,2
-0.9571825821449876,-0.1862428705265726,-0.7301152985719855,-1.0040080320963851,-1.2946797977825475,-1.3164198392538746,1.0416487088337538,-0.0388349514563106,0.9731046105408272,0
1.0465696837898428,-0.8112189461190981,-0.1074183658317025,0.9960079680956172,-0.4819013068259544,0.4372477974075923,1.5448606454684175,-0.0388349514563106,-0.6523485251064345,2
0.2221451142501777,-1.1237069839153608,-0.4219117662055829,-1.0040080320963851,0.5104967401431454,-0.1473080814795632,-0.9711990377049008,-0.0388349514563106,-0.6523485251064345,2
-0.9092198698110192,-1.1237069839153608,-0.7301152985719855,0.9960079680956172,-0.2124719728071941,-0.4395860209231411,1.0416487088337538,-1.2524271844660195,-0.1105308132240139,2
0.2254438597491297,-1.1237069839153608,-0.4219117662055829,-1.0040080320963851,0.0704288279125039,-1.608697778697452,1.0416487088337538,-1.2524271844660195,-0.6523485251064345,2
0.9814849114851236,-0.1862428705265726,0.5215684349160581,0.9960079680956172,-0.1810385505050054,-0.731863960366719,0.5384367721990901,-0.0388349514563106,-0.6523485251064345,2
0.7783764386210806,0.4387332050659528,1.150555235663819,-1.0040080320963851,0.7574736296603425,1.021803676294748,-1.4744109743395646,1.174757281553398,-0.6523485251064345,1
0.2355757209244822,-1.1237069839153608,-0.4219117662055829,-1.0040080320963851,0.5778540736478355,1.021803676294748,0.5384367721990901,1.174757281553398,-0.6523485251064345,2
-0.9786506084080084,-1.1237069839153608,-0.7364051665794632,0.9960079680956172,1.3142942532991135,0.7295257368511702,-0.9711990377049008,1.174757281553398,-1.194166236988855,2
0.7488186317296774,0.4387332050659528,1.150555235663819,-1.0040080320963851,-0.5851825515331459,-0.1473080814795632,1.5448606454684175,-1.2524271844660195,-0.6523485251064345,1
-0.977105957737864,-1.1237069839153608,-0.7301152985719855,-1.0040080320963851,0.137786161417194,1.021803676294748,-0.4679871010702372,-0.0388349514563106,1.5149223224232478,0
-0.8508373105835357,0.4387332050659528,-0.6986659585345976,-1.0040080320963851,0.7484926518597171,1.606359555181904,1.5448606454684175,-1.2524271844660195,-0.1105308132240139,0
-1.0061401542326085,-0.1862428705265726,-0.7301152985719855,0.9960079680956172,0.0255239389093772,-0.731863960366719,1.0416487088337538,-1.2524271844660195,0.9731046105408272,0
-0.962575769230576,0.4387332050659528,-0.7364051665794632,0.9960079680956172,-1.653918909807561,-0.4395860209231411,-0.4679871010702372,-0.0388349514563106,2.0567400343056685,0
-1.0214295778150524,-1.1237069839153608,-0.7364051665794632,-1.0040080320963851,1.6106665207197497,-0.1473080814795632,-1.4744109743395646,-0.0388349514563106,-1.194166236988855,2
0.907420220877702,-0.8112189461190981,-0.1074183658317025,0.9960079680956172,0.7889070519625312,0.4372477974075923,1.5448606454684175,1.174757281553398,-0.6523485251064345,2
1.9839893769285304,1.6886853562510038,2.399094035148124,0.9960079680956172,-0.7243877074428388,-1.024141899810297,1.0416487088337538,-1.2524271844660195,-0.6523485251064345,1
-1.0141513933014916,-0.8112189461190981,-0.7364051665794632,-1.0040080320963851,1.4490089203084933,1.606359555181904,1.5448606454684175,-0.0388349514563106,0.4312868986584066,0
-0.9501662028297564,-0.1862428705265726,-0.7364051665794632,-1.0040080320963851,-0.3651485954178251,1.3140816157383255,0.5384367721990901,-1.2524271844660195,0.4312868986584066,0
-1.0352267117670182,-0.8112189461190981,-0.7301152985719855,-1.0040080320963851,-1.6988237988106878,-1.608697778697452,1.0416487088337538,1.174757281553398,1.5149223224232478,0
0.552883621299863,-0.1862428705265726,0.5215684349160581,-1.0040080320963851,0.613777984850337,-0.1473080814795632,1.5448606454684175,1.174757281553398,-0.6523485251064345,2
-0.9874472630718802,0.4387332050659528,-0.7364051665794632,-1.0040080320963851,0.5104967401431454,-1.3164198392538746,-0.4679871010702372,1.174757281553398,-1.194166236988855,2
0.2756842773085651,-1.1237069839153608,-0.4219117662055829,-1.0040080320963851,0.1916720282209461,-1.608697778697452,-1.4744109743395646,-0.0388349514563106,-0.6523485251064345,2
0.5595334733374331,-0.1862428705265726,0.5215684349160581,-1.0040080320963851,1.7633431433303803,1.606359555181904,-1.4744109743395646,1.174757281553398,-0.6523485251064345,2
0.3506914666299733,-0.8112189461190981,-0.1074183658317025,-1.0040080320963851,0.627249451551275,-1.3164198392538746,1.0416487088337538,1.174757281553398,-0.6523485251064345,2
-1.0486049574016567,-0.1862428705265726,-0.7364051665794632,-1.0040080320963851,1.2334654530934854,1.606359555181904,-1.4744109743395646,1.174757281553398,-1.194166236988855,2
-0.996898430731576,-0.8112189461190981,-0.7301152985719855,-1.0040080320963851,-0.975855085860348,-0.1473080814795632,-0.9711990377049008,-1.2524271844660195,1.5149223224232478,0
1.1553235631759262,-0.1862428705265726,0.5215684349160581,0.9960079680956172,-1.514713753897868,0.7295257368511702,-0.4679871010702372,1.174757281553398,-0.6523485251064345,2
1.3490332294199396,0.4387332050659528,1.150555235663819,0.9960079680956172,0.4835538067412694,0.7295257368511702,-1.4744109743395646,1.174757281553398,-0.6523485251064345,1
1.1545643281007707,1.6886853562510038,2.399094035148124,-1.0040080320963851,0.9326026967725364,-0.1473080814795632,0.5384367721990901,1.174757281553398,-0.6523485251064345,1
1.2282101303908652,1.6886853562510038,2.399094035148124,-1.0040080320963851,-1.2407939309787956,-1.608697778697452,-0.4679871010702372,1.174757281553398,-0.6523485251064345,1
-0.7841817070888394,-0.1862428705265726,-0.7112456945495528,0.9960079680956172,-0.8366499299506553,0.7295257368511702,0.5384367721990901,-0.0388349514563106,-0.1105308132240139,0
-0.9713724238944474,1.6886853562510038,-0.7364051665794632,-1.0040080320963851,-1.2093605086766068,-1.3164198392538746,1.5448606454684175,-1.2524271844660195,2.0567400343056685,0
-1.0432379508359015,-0.1862428705265726,-0.7364051665794632,-1.0040080320963851,0.9460741634734744,1.021803676294748,0.5384367721990901,-1.2524271844660195,2.0567400343056685,0
0.3469738328136938,-0.8112189461190981,-0.1074183658317025,-1.0040080320963851,0.4296679399375173,1.021803676294748,1.0416487088337538,1.174757281553398,-0.6523485251064345,2
1.0340815758295248,-0.1862428705265726,0.5215684349160581,0.9960079680956172,0.6497018960528383,0.4372477974075923,-1.4744109743395646,-0.0388349514563106,-0.6523485251064345,2
1.3708677829606222,0.4387332050659528,1.150555235663819,0.9960079680956172,-0.679482818439712,0.4372477974075923,1.0416487088337538,-1.2524271844660195,-0.6523485251064345,1
-0.9779437343725188,0.4387332050659528,-0.7364051665794632,0.9960079680956172,-1.384489575788801,-1.024141899810297,1.0416487088337538,-1.2524271844660195,-1.194166236988855,2
0.3086455517782518,-0.8112189461190981,-0.1074183658317025,-1.0040080320963851,-0.9309501968572216,-1.3164198392538746,0.5384367721990901,-0.0388349514563106,-0.6523485251064345,2
-0.8646868055751675,-0.1862428705265726,-0.7112456945495528,-1.0040080320963851,1.754362165529755,1.021803676294748,1.0416487088337538,-1.2524271844660195,-0.1105308132240139,0
0.942292673295194,-0.1862428705265726,0.5215684349160581,0.9960079680956172,0.2725008284265737,0.4372477974075923,1.0416487088337538,1.174757281553398,-0.6523485251064345,2
1.2067421041278443,-0.1862428705265726,0.5215684349160581,0.9960079680956172,-1.7931240657172538,0.4372477974075923,1.5448606454684175,1.174757281553398,-0.6523485251064345,2
0.9637083385185492,-0.8112189461190981,-0.1074183658317025,0.9960079680956172,0.2231054505231348,-0.4395860209231411,1.5448606454684175,-0.0388349514563106,-0.6523485251064345,2
1.6880971417765045,1.6886853562510038,2.399094035148124,0.9960079680956172,0.6182684737506496,-0.4395860209231411,1.5448606454684175,1.174757281553398,-0.6523485251064345,1
0.7021649453873567,-1.1237069839153608,-0.4219117662055829,0.9960079680956172,-1.110569752869728,0.1449698579640145,-0.4679871010702372,1.174757281553398,-0.6523485251064345,2
-1.055254809439227,-1.1237069839153608,-0.7364051665794632,-1.0040080320963851,0.0389954056103152,-1.608697778697452,-0.9711990377049008,1.174757281553398,2.0567400343056685,0
1.8693448805800328,1.6886853562510038,2.399094035148124,0.9960079680956172,1.2020320307912968,-1.024141899810297,-1.4744109743395646,-1.2524271844660195,-0.6523485251064345,1
-0.9441446832681776,1.6886853562510038,-0.7364051665794632,0.9960079680956172,-0.6345779294365853,0.7295257368511702,0.0352248355644263,-0.0388349514563106,2.0567400343056685,0
0.754473624013595,0.4387332050659528,1.150555235663819,-1.0040080320963851,-1.7302572211128764,1.021803676294748,0.5384367721990901,1.174757281553398,-0.6523485251064345,1
1.1649579944744528,1.6886853562510038,2.399094035148124,-1.0040080320963851,0.0569573612115659,1.021803676294748,1.5448606454684175,-1.2524271844660195,-0.6523485251064345,1
-1.035279072806684,-0.8112189461190981,-0.7364051665794632,-1.0040080320963851,-1.7572001545147524,1.3140816157383255,1.5448606454684175,1.174757281553398,0.4312868986584066,0
0.9112687572931462,-0.8112189461190981,-0.1074183658317025,0.9960079680956172,0.8203404742647193,0.1449698579640145,1.5448606454684175,1.174757281553398,-0.6523485251064345,2
0.7012224466733704,-0.8112189461190981,-0.1074183658317025,0.9960079680956172,-0.6974447740409627,0.7295257368511702,1.5448606454684175,1.174757281553398,-0.6523485251064345,2
1.1983381572614669,1.6886853562510038,2.399094035148124,-1.0040080320963851,0.6227589626509623,-0.1473080814795632,-0.9711990377049008,1.174757281553398,-0.6523485251064345,1
-0.992552464439306,1.6886853562510038,-0.7364051665794632,0.9960079680956172,0.9460741634734744,0.4372477974075923,-1.4744109743395646,1.174757281553398,-1.194166236988855,0
-0.9842270591324273,0.4387332050659528,-0.7301152985719855,-1.0040080320963851,-0.7917450409475286,-0.1473080814795632,-0.4679871010702372,1.174757281553398,1.5149223224232478,0
-0.9199015219028636,0.4387332050659528,-0.7364051665794632,0.9960079680956172,1.606176031819437,0.1449698579640145,0.5384367721990901,-1.2524271844660195,2.0567400343056685,0
0.7491066174478399,0.4387332050659528,1.150555235663819,-1.0040080320963851,0.110843228015318,1.3140816157383255,0.5384367721990901,-0.0388349514563106,-0.6523485251064345,1
-0.9549834184790196,-0.1862428705265726,-0.7301152985719855,0.9960079680956172,1.42655647580693,-1.024141899810297,-0.4679871010702372,-1.2524271844660195,1.5149223224232478,0
0.3138554752250094,-0.8112189461190981,-0.1074183658317025,-1.0040080320963851,0.6227589626509623,-1.608697778697452,1.5448606454684175,-0.0388349514563106,-0.6523485251064345,2
1.955766776548608,1.6886853562510038,2.399094035148124,0.9960079680956172,0.8921882966697222,-1.024141899810297,1.5448606454684175,-0.0388349514563106,-0.6523485251064345,1
0.519006028636023,-0.1862428705265726,0.5215684349160581,-1.0040080320963851,0.0973717613143799,1.3140816157383255,-0.9711990377049008,-1.2524271844660195,-0.6523485251064345,2
-1.0082869568589103,-0.8112189461190981,-0.7301152985719855,0.9960079680956172,-0.0463238834956254,0.1449698579640145,-1.4744109743395646,-1.2524271844660195,0.9731046105408272,0
-1.0359335858025078,-1.1237069839153608,-0.7364051665794632,-1.0040080320963851,-0.800726018748154,-1.608697778697452,-0.9711990377049008,1.174757281553398,-1.194166236988855,2
-0.9818446318276284,1.6886853562510038,-0.7364051665794632,0.9960079680956172,1.0807888304828546,0.4372477974075923,1.0416487088337538,1.174757281553398,2.0567400343056685,0
0.7491851590073387,0.4387332050659528,1.150555235663819,-1.0040080320963851,1.0179219858784772,1.3140816157383255,-0.4679871010702372,-1.2524271844660195,-0.6523485251064345,1
-0.8898201046148015,-0.8112189461190981,-0.723825430564508,-1.0040080320963851,-0.6480493961375233,1.021803676294748,0.0352248355644263,-0.0388349514563106,-0.1105308132240139,0
0.8830199763933905,-1.1237069839153608,-0.4219117662055829,0.9960079680956172,-0.9803455747606608,-1.024141899810297,-0.4679871010702372,-1.2524271844660195,-0.6523485251064345,2
-0.9796978292013264,-0.1862428705265726,-0.7364051665794632,-1.0040080320963851,0.6631733627537764,1.021803676294748,0.0352248355644263,-1.2524271844660195,-1.194166236988855,2
0.6157430494187816,-1.1237069839153608,-0.4219117662055829,0.9960079680956172,0.654192384953151,0.4372477974075923,1.5448606454684175,1.174757281553398,-0.6523485251064345,2
-1.0322944935457277,-0.1862428705265726,-0.7364051665794632,-1.0040080320963851,0.8607548743675334,1.021803676294748,0.0352248355644263,-1.2524271844660195,-1.194166236988855,2
-0.921760338811003,1.6886853562510038,-0.7364051665794632,0.9960079680956172,0.8876978077694095,0.4372477974075923,1.0416487088337538,-1.2524271844660195,0.4312868986584066,0
-0.9502971054289212,1.6886853562510038,-0.7301152985719855,0.9960079680956172,0.1422766503175067,0.4372477974075923,-0.9711990377049008,1.174757281553398,0.9731046105408272,0
-0.9195088141053692,1.6886853562510038,-0.7364051665794632,0.9960079680956172,0.7529831407600298,-1.024141899810297,-0.9711990377049008,-0.0388349514563106,2.0567400343056685,0
2.173562521038937,1.6886853562510038,2.399094035148124,0.9960079680956172,-1.6179949986050597,0.4372477974075923,0.5384367721990901,1.174757281553398,-0.6523485251064345,1
0.5150789506610801,-0.1862428705265726,0.5215684349160581,-1.0040080320963851,-1.043212419365038,1.606359555181904,0.0352248355644263,-0.0388349514563106,-0.6523485251064345,2
0.7956032206711631,0.4387332050659528,1.150555235663819,-1.0040080320963851,-1.5775805985022455,-0.1473080814795632,1.5448606454684175,1.174757281553398,-0.6523485251064345,1
-1.0109311893620383,-0.1862428705265726,-0.7301152985719855,0.9960079680956172,-0.4774108179256417,0.1449698579640145,-1.4744109743395646,1.174757281553398,0.9731046105408272,0
-0.9351647649654748,0.4387332050659528,-0.7364051665794632,0.9960079680956172,-0.5762015737325206,0.1449698579640145,-0.4679871010702372,1.174757281553398,0.4312868986584066,0
2.015484542287572,1.6886853562510038,2.399094035148124,0.9960079680956172,-1.7437286878138143,0.1449698579640145,-1.4744109743395646,-1.2524271844660195,-0.6523485251064345,1
2.0275537619305624,1.6886853562510038,2.399094035148124,0.9960079680956172,-0.8321594410503427,0.1449698579640145,-0.4679871010702372,-1.2524271844660195,-0.6523485251064345,1
-0.9693303433474776,-1.1237069839153608,-0.7301152985719855,-1.0040080320963851,1.350218164501615,-1.608697778697452,0.0352248355644263,-0.0388349514563106,1.5149223224232478,0
0.3139340167845081,-0.8112189461190981,-0.1074183658317025,-1.0040080320963851,0.7035877628565904,-1.3164198392538746,-0.4679871010702372,-1.2524271844660195,-0.6523485251064345,2
0.6806707386045029,-1.1237069839153608,-0.4219117662055829,0.9960079680956172,-0.9848360636609736,0.1449698579640145,1.5448606454684175,-1.2524271844660195,-0.6523485251064345,2
-0.9849339331679168,-0.1862428705265726,-0.7364051665794632,-1.0040080320963851,-0.7423496630440892,1.021803676294748,0.0352248355644263,1.174757281553398,2.0567400343056685,0
1.891100892561216,1.6886853562510038,2.399094035148124,0.9960079680956172,1.4490089203084933,-0.731863960366719,-0.4679871010702372,1.174757281553398,-0.6523485251064345,1
-0.9813995629904684,1.6886853562510038,-0.7364051665794632,0.9960079680956172,0.0614478501118786,0.4372477974075923,1.0416487088337538,1.174757281553398,0.4312868986584066,0
-0.9742784615959056,-0.8112189461190981,-0.7364051665794632,0.9960079680956172,-0.7423496630440892,-0.4395860209231411,1.0416487088337538,-0.0388349514563106,0.4312868986584066,0
-1.0145964621386518,-1.1237069839153608,-0.7364051665794632,0.9960079680956172,-0.908497752355658,0.7295257368511702,-0.4679871010702372,1.174757281553398,0.4312868986584066,0
0.7909169076210647,-1.1237069839153608,-0.4219117662055829,0.9960079680956172,-0.8591023744522187,0.4372477974075923,0.0352248355644263,1.174757281553398,-0.6523485251064345,2
-1.0396250390989543,-1.1237069839153608,-0.7364051665794632,-1.0040080320963851,-1.043212419365038,-1.3164198392538746,-1.4744109743395646,1.174757281553398,2.0567400343056685,0
1.2923262234617654,-0.1862428705265726,0.5215684349160581,0.9960079680956172,1.7678336322306931,-0.4395860209231411,0.5384367721990901,-1.2524271844660195,-0.6523485251064345,2
0.3666615837280739,-0.8112189461190981,-0.1074183658317025,-1.0040080320963851,0.1602386059187574,1.606359555181904,-1.4744109743395646,-1.2524271844660195,-0.6523485251064345,2
-0.9971340554100728,0.4387332050659528,-0.7364051665794632,0.9960079680956172,-0.149605128202817,0.7295257368511702,-1.4744109743395646,-0.0388349514563106,0.4312868986584066,0
-0.9387253156627564,0.4387332050659528,-0.7301152985719855,-1.0040080320963851,0.1961625171212588,-0.1473080814795632,-0.9711990377049008,-0.0388349514563106,1.5149223224232478,0
0.3306633689577646,-0.8112189461190981,-0.1074183658317025,-1.0040080320963851,-0.7648021075456526,-1.608697778697452,-0.4679871010702372,1.174757281553398,-0.6523485251064345,2
0.843801557683628,-0.8112189461190981,-0.1074183658317025,0.9960079680956172,-0.8995167745550328,0.1449698579640145,0.5384367721990901,1.174757281553398,-0.6523485251064345,2
-0.9387514961825892,0.4387332050659528,-0.7301152985719855,0.9960079680956172,-0.0687763279971888,0.4372477974075923,1.5448606454684175,-1.2524271844660195,1.5149223224232478,0
-0.9654556264122004,-1.1237069839153608,-0.7364051665794632,0.9960079680956172,-0.3426961509162617,0.7295257368511702,1.5448606454684175,1.174757281553398,2.0567400343056685,0
-0.983310740938274,-1.1237069839153608,-0.7301152985719855,-1.0040080320963851,-1.6090140208044343,1.606359555181904,0.5384367721990901,-1.2524271844660195,-0.1105308132240139,0
-0.988625386464363,0.4387332050659528,-0.7364051665794632,-1.0040080320963851,-1.7841430879166285,1.3140816157383255,1.0416487088337538,-1.2524271844660195,2.0567400343056685,0
-0.9359501805604632,1.6886853562510038,-0.7364051665794632,0.9960079680956172,-1.1824175752747308,-0.4395860209231411,0.5384367721990901,1.174757281553398,-1.194166236988855,2
-0.9928666306773016,-0.8112189461190981,-0.7364051665794632,0.9960079680956172,-1.541656687299744,-0.731863960366719,1.5448606454684175,-0.0388349514563106,2.0567400343056685,0
-0.9782579006105144,1.6886853562510038,-0.7364051665794632,0.9960079680956172,0.5239682068440834,-0.731863960366719,0.0352248355644263,1.174757281553398,0.4312868986584066,0
-0.9799072733599904,-1.1237069839153608,-0.7301152985719855,0.9960079680956172,-1.2093605086766068,0.1449698579640145,-0.9711990377049008,-1.2524271844660195,0.9731046105408272,0
0.804399875335035,0.4387332050659528,1.150555235663819,-1.0040080320963851,0.0749193168128166,1.3140816157383255,0.5384367721990901,1.174757281553398,-0.6523485251064345,1
0.3962979321789759,-0.8112189461190981,-0.1074183658317025,-1.0040080320963851,-1.5596186429009948,1.606359555181904,1.5448606454684175,-0.0388349514563106,-0.6523485251064345,2
-1.020539440140732,1.6886853562510038,-0.7364051665794632,-1.0040080320963851,-1.3081512644834856,1.3140816157383255,1.0416487088337538,-0.0388349514563106,2.0567400343056685,0
-1.0345198377315286,-1.1237069839153608,-0.7364051665794632,0.9960079680956172,-0.6345779294365853,-0.4395860209231411,1.0416487088337538,-0.0388349514563106,0.4312868986584066,0
-0.9268655401784288,-1.1237069839153608,-0.7301152985719855,0.9960079680956172,-1.5506376651003697,0.7295257368511702,-0.9711990377049008,-1.2524271844660195,-0.1105308132240139,0
-0.960271883485276,1.6886853562510038,-0.7364051665794632,0.9960079680956172,-0.0642858390968761,0.1449698579640145,1.5448606454684175,1.174757281553398,2.0567400343056685,0
1.2455416345202797,0.4387332050659528,1.150555235663819,0.9960079680956172,-0.7648021075456526,0.1449698579640145,-1.4744109743395646,-0.0388349514563106,-0.6523485251064345,1
0.2267005247011115,-1.1237069839153608,-0.4219117662055829,-1.0040080320963851,-1.2722273532809842,-1.3164198392538746,1.5448606454684175,-0.0388349514563106,-0.6523485251064345,2
0.5223833156944737,-0.1862428705265726,0.5215684349160581,-1.0040080320963851,-0.854611885551906,-1.3164198392538746,1.0416487088337538,-0.0388349514563106,-0.6523485251064345,2
0.8258155405583898,-0.8112189461190981,-0.1074183658317025,0.9960079680956172,-0.5537491292309572,0.1449698579640145,-0.9711990377049008,-0.0388349514563106,-0.6523485251064345,2
1.231587417449316,1.6886853562510038,2.399094035148124,-1.0040080320963851,0.9730170968753504,-0.1473080814795632,0.5384367721990901,-1.2524271844660195,-0.6523485251064345,1
-1.000851689226352,-0.8112189461190981,-0.7364051665794632,-1.0040080320963851,-0.8591023744522187,1.021803676294748,0.0352248355644263,1.174757281553398,2.0567400343056685,0
0.3208718545402407,-0.8112189461190981,-0.1074183658317025,-1.0040080320963851,0.9864885635762884,-1.3164198392538746,0.5384367721990901,-0.0388349514563106,-0.6523485251064345,2
0.3688083863543761,-0.8112189461190981,-0.1074183658317025,-1.0040080320963851,-1.438375442592553,1.606359555181904,0.0352248355644263,1.174757281553398,-0.6523485251064345,2
0.810369033856948,0.4387332050659528,1.150555235663819,-1.0040080320963851,-0.2439053951093829,-0.1473080814795632,-0.4679871010702372,-0.0388349514563106,-0.6523485251064345,1
1.849945115383815,1.6886853562510038,2.399094035148124,0.9960079680956172,-1.1869080641750436,-1.024141899810297,0.5384367721990901,1.174757281553398,-0.6523485251064345,1
1.2505682943282064,-0.1862428705265726,0.5215684349160581,0.9960079680956172,-0.472920329025329,-0.4395860209231411,-0.4679871010702372,1.174757281553398,-0.6523485251064345,2
-0.9551928626376832,-0.1862428705265726,-0.7364051665794632,-1.0040080320963851,0.6227589626509623,-1.3164198392538746,1.5448606454684175,-1.2524271844660195,0.4312868986584066,0
-1.0125020205520157,0.4387332050659528,-0.7301152985719855,-1.0040080320963851,1.116712741685356,1.606359555181904,0.0352248355644263,-0.0388349514563106,1.5149223224232478,0
-1.0042813373244686,0.4387332050659528,-0.7364051665794632,0.9960079680956172,1.0089410080778518,-1.024141899810297,-0.4679871010702372,1.174757281553398,0.4312868986584066,0
2.0308786879493472,1.6886853562510038,2.399094035148124,0.9960079680956172,1.0179219858784772,0.4372477974075923,0.5384367721990901,1.174757281553398,-0.6523485251064345,1
1.2079725885599932,1.6886853562510038,2.399094035148124,-1.0040080320963851,0.5374396735450214,1.021803676294748,1.0416487088337538,-1.2524271844660195,-0.6523485251064345,1
1.2001184326101075,1.6886853562510038,2.399094035148124,-1.0040080320963851,1.6465904319222509,-1.608697778697452,1.0416487088337538,1.174757281553398,-0.6523485251064345,1
0.7233449859322149,0.4387332050659528,1.150555235663819,-1.0040080320963851,0.0389954056103152,-1.3164198392538746,1.0416487088337538,-0.0388349514563106,-0.6523485251064345,1
-0.9979194710050612,-0.8112189461190981,-0.7364051665794632,0.9960079680956172,-1.2812083310816096,0.4372477974075923,-0.4679871010702372,1.174757281553398,2.0567400343056685,0
-0.95747056786315,-1.1237069839153608,-0.7364051665794632,0.9960079680956172,-0.5717110848322079,-0.4395860209231411,-1.4744109743395646,-1.2524271844660195,0.4312868986584066,0
0.8317585185604702,-0.8112189461190981,-0.1074183658317025,0.9960079680956172,-0.679482818439712,0.7295257368511702,-1.4744109743395646,-0.0388349514563106,-0.6523485251064345,2
0.2875702333127254,-1.1237069839153608,-0.4219117662055829,-1.0040080320963851,-1.2363034420784829,-1.608697778697452,-0.9711990377049008,1.174757281553398,-0.6523485251064345,2
-0.6920262772768475,1.6886853562510038,-0.6735064865046871,0.9960079680956172,-0.3696390843181378,-1.024141899810297,1.0416487088337538,-0.0388349514563106,-0.1105308132240139,0
1.1636751490026382,0.4387332050659528,1.150555235663819,0.9960079680956172,-0.4280154400222025,0.1449698579640145,-0.4679871010702372,-1.2524271844660195,-0.6523485251064345,1
-0.8555236236336342,-0.1862428705265726,-0.7112456945495528,-1.0040080320963851,1.309803764398801,1.606359555181904,1.5448606454684175,-1.2524271844660195,-0.1105308132240139,0
1.078902625783539,-0.1862428705265726,0.5215684349160581,0.9960079680956172,0.3218962063300131,-0.731863960366719,-1.4744109743395646,-0.0388349514563106,-0.6523485251064345,2
-1.0224767986083705,-1.1237069839153608,-0.7364051665794632,-1.0040080320963851,0.5958160292490863,-0.1473080814795632,0.0352248355644263,-0.0388349514563106,2.0567400343056685,0
-0.953622031447706,1.6886853562510038,-0.7364051665794632,-1.0040080320963851,-1.4024515313900516,-1.3164198392538746,-0.9711990377049008,-0.0388349514563106,2.0567400343056685,0
0.8050282078110259,-0.8112189461190981,-0.1074183658317025,0.9960079680956172,-0.0777573057978141,0.7295257368511702,0.0352248355644263,1.174757281553398,-0.6523485251064345,2
-1.0114286192388646,-0.8112189461190981,-0.7301152985719855,0.9960079680956172,0.4027250065356412,0.7295257368511702,1.0416487088337538,-1.2524271844660195,1.5149223224232478,0
-0.9748020719925644,0.4387332050659528,-0.7301152985719855,0.9960079680956172,-0.3561676176171997,-1.024141899810297,-1.4744109743395646,1.174757281553398,0.9731046105408272,0
1.2333938733177898,0.4387332050659528,1.150555235663819,0.9960079680956172,-1.0162694859631618,0.4372477974075923,0.5384367721990901,-1.2524271844660195,-0.6523485251064345,1
0.8000015480030992,0.4387332050659528,1.150555235663819,-1.0040080320963851,0.2320864283237601,1.021803676294748,-0.9711990377049008,-0.0388349514563106,-0.6523485251064345,1
1.1978930884243066,1.6886853562510038,2.399094035148124,-1.0040080320963851,0.137786161417194,-0.1473080814795632,1.0416487088337538,-1.2524271844660195,-0.6523485251064345,1
-1.0233931168025237,-0.8112189461190981,-0.7301152985719855,0.9960079680956172,-1.5102232649975555,-0.4395860209231411,-0.4679871010702372,-0.0388349514563106,0.9731046105408272,0
-0.9659530562890264,-0.8112189461190981,-0.7301152985719855,0.9960079680956172,0.447629895538768,-0.731863960366719,0.5384367721990901,-0.0388349514563106,0.9731046105408272,0
1.003869255942298,-0.8112189461190981,-0.1074183658317025,0.9960079680956172,0.3174057174297005,-0.731863960366719,-0.4679871010702372,1.174757281553398,-0.6523485251064345,2
1.2063493963303502,-0.1862428705265726,0.5215684349160581,0.9960079680956172,-1.3395846867856744,-0.4395860209231411,1.0416487088337538,1.174757281553398,-0.6523485251064345,2
-1.0422430910822496,-1.1237069839153608,-0.7364051665794632,0.9960079680956172,-0.666011351738774,-0.4395860209231411,-0.4679871010702372,-1.2524271844660195,0.4312868986584066,0
1.226822562839719,0.4387332050659528,1.150555235663819,0.9960079680956172,-1.5551281540006825,0.4372477974075923,0.5384367721990901,1.174757281553398,-0.6523485251064345,1
-0.9331226844185048,0.4387332050659528,-0.7301152985719855,0.9960079680956172,0.2680103395262611,0.7295257368511702,1.0416487088337538,-0.0388349514563106,0.9731046105408272,0
-0.9522868249362256,-1.1237069839153608,-0.7301152985719855,-1.0040080320963851,1.2289749641931729,1.606359555181904,1.0416487088337538,1.174757281553398,1.5149223224232478,0
-0.9982859982827228,-0.8112189461190981,-0.7364051665794632,0.9960079680956172,0.1422766503175067,0.1449698579640145,0.0352248355644263,-0.0388349514563106,0.4312868986584066,0
0.815893123541701,0.4387332050659528,1.150555235663819,-1.0040080320963851,0.9909790524766012,-0.1473080814795632,0.0352248355644263,-1.2524271844660195,-0.6523485251064345,1
0.6251156755189782,-1.1237069839153608,-0.4219117662055829,0.9960079680956172,-1.3485656645862998,-1.024141899810297,0.5384367721990901,-0.0388349514563106,-0.6523485251064345,2
-0.8716770043705656,-0.1862428705265726,-0.7112456945495528,-1.0040080320963851,1.4220659869066172,-1.3164198392538746,-1.4744109743395646,-0.0388349514563106,-0.1105308132240139,0
0.7542379993350986,0.4387332050659528,1.150555235663819,-1.0040080320963851,0.5284586957443961,1.3140816157383255,-0.9711990377049008,1.174757281553398,-0.6523485251064345,1
-0.9739904758777428,-0.8112189461190981,-0.7301152985719855,0.9960079680956172,-1.7976145546175666,0.4372477974075923,1.0416487088337538,1.174757281553398,0.9731046105408272,0
0.7723287385396685,-1.1237069839153608,-0.4219117662055829,0.9960079680956172,1.0718078526822292,0.1449698579640145,-1.4744109743395646,-1.2524271844660195,-0.6523485251064345,2
0.9788930400216612,-0.1862428705265726,0.5215684349160581,0.9960079680956172,-1.5775805985022455,-0.4395860209231411,-0.9711990377049008,-1.2524271844660195,-0.6523485251064345,2
-1.024309434996677,-0.8112189461190981,-0.7364051665794632,0.9960079680956172,0.3892535398347032,0.4372477974075923,-0.4679871010702372,1.174757281553398,2.0567400343056685,0
0.3972404308929622,-0.8112189461190981,-0.1074183658317025,-1.0040080320963851,0.7978880297631565,-1.3164198392538746,1.0416487088337538,-1.2524271844660195,-0.6523485251064345,2
0.8050805688506918,0.4387332050659528,1.150555235663819,-1.0040080320963851,-0.9309501968572216,-0.1473080814795632,0.0352248355644263,-1.2524271844660195,-0.6523485251064345,1
-0.9180688855145572,1.6886853562510038,-0.7301152985719855,0.9960079680956172,0.3578201175325144,-0.4395860209231411,-1.4744109743395646,1.174757281553398,1.5149223224232478,0
1.5158031407558452,0.4387332050659528,1.150555235663819,0.9960079680956172,-0.9578931302590976,-0.4395860209231411,0.0352248355644263,-1.2524271844660195,-0.6523485251064345,1
-0.9101623685250052,1.6886853562510038,-0.7301152985719855,-1.0040080320963851,1.1885605640903587,-1.608697778697452,-0.4679871010702372,-0.0388349514563106,0.9731046105408272,0
1.1592244606310362,1.6886853562510038,2.399094035148124,-1.0040080320963851,0.2859722951275117,1.3140816157383255,-0.9711990377049008,-0.0388349514563106,-0.6523485251064345,1
0.3999632049555891,-0.8112189461190981,-0.1074183658317025,-1.0040080320963851,0.7350211851587791,-1.608697778697452,-1.4744109743395646,-0.0388349514563106,-0.6523485251064345,2
-0.97786519281302,0.4387332050659528,-0.7364051665794632,-1.0040080320963851,-1.5236947316984937,-1.3164198392538746,0.0352248355644263,1.174757281553398,0.4312868986584066,0
0.8450844031554426,-0.8112189461190981,-0.1074183658317025,0.9960079680956172,0.6227589626509623,-1.024141899810297,-0.9711990377049008,1.174757281553398,-0.6523485251064345,2
0.8220979067421107,0.4387332050659528,1.150555235663819,-1.0040080320963851,1.4984042982119328,1.606359555181904,0.0352248355644263,-1.2524271844660195,-0.6523485251064345,1
1.1468934357897158,1.6886853562510038,2.399094035148124,-1.0040080320963851,-1.191398553075356,1.021803676294748,-1.4744109743395646,1.174757281553398,-0.6523485251064345,1
0.3045352101644785,-0.8112189461190981,-0.1074183658317025,-1.0040080320963851,0.9864885635762884,1.606359555181904,-0.4679871010702372,-0.0388349514563106,-0.6523485251064345,2
-0.7875589941472901,-0.1862428705265726,-0.7112456945495528,0.9960079680956172,-1.721276243312251,-1.024141899810297,-0.9711990377049008,1.174757281553398,-0.1105308132240139,0
-1.0043075178443015,1.6886853562510038,-0.7364051665794632,-1.0040080320963851,-0.1900195283056308,-1.3164198392538746,0.5384367721990901,1.174757281553398,-1.194166236988855,2
0.739733991347643,0.4387332050659528,1.150555235663819,-1.0040080320963851,1.386142075704116,1.021803676294748,0.0352248355644263,-1.2524271844660195,-0.6523485251064345,1
-0.9916623267649854,-0.8112189461190981,-0.7301152985719855,-1.0040080320963851,-0.9444216635581596,1.606359555181904,-0.9711990377049008,-1.2524271844660195,0.9731046105408272,0
1.281094780453429,0.4387332050659528,1.150555235663819,0.9960079680956172,0.7395116740590918,-1.024141899810297,1.0416487088337538,-1.2524271844660195,-0.6523485251064345,1
-0.8180069387130136,-0.1862428705265726,-0.7112456945495528,0.9960079680956172,-0.486391795726267,-0.731863960366719,0.0352248355644263,-0.0388349514563106,-0.1105308132240139,0
-0.9248234596314588,-0.8112189461190981,-0.7301152985719855,0.9960079680956172,1.2873513198972375,-0.731863960366719,-1.4744109743395646,-0.0388349514563106,0.9731046105408272,0
-0.997500582687734,-0.1862428705265726,-0.7364051665794632,-1.0040080320963851,0.2006530060215714,-1.3164198392538746,1.5448606454684175,-1.2524271844660195,-1.194166236988855,2
1.9578873986550769,1.6886853562510038,2.399094035148124,0.9960079680956172,0.8068690075637819,-0.731863960366719,-0.9711990377049008,-0.0388349514563106,-0.6523485251064345,1
-0.881835046065751,-0.8112189461190981,-0.723825430564508,-1.0040080320963851,0.461101362239706,-1.608697778697452,-0.4679871010702372,-1.2524271844660195,-0.1105308132240139,2
-0.9576014704623148,-0.1862428705265726,-0.7301152985719855,-1.0040080320963851,-0.7198972185425261,-1.608697778697452,0.5384367721990901,-0.0388349514563106,0.9731046105408272,0
0.7919641284143827,-0.8112189461190981,-0.1074183658317025,0.9960079680956172,-1.667390376508499,0.1449698579640145,0.0352248355644263,-1.2524271844660195,-0.6523485251064345,2
2.0931097835922743,1.6886853562510038,2.399094035148124,0.9960079680956172,-0.010399972293124,0.1449698579640145,-1.4744109743395646,1.174757281553398,-0.6523485251064345,1
-1.0051191139591231,-1.1237069839153608,-0.7364051665794632,-1.0040080320963851,-0.7782735742465906,1.021803676294748,1.0416487088337538,-0.0388349514563106,0.4312868986584066,0
-1.0053809191574528,-0.1862428705265726,-0.7364051665794632,-1.0040080320963851,0.9775075857756632,-0.1473080814795632,0.5384367721990901,-1.2524271844660195,0.4312868986584066,0
-0.9377566364289373,-1.1237069839153608,-0.7301152985719855,0.9960079680956172,-1.0791363305675394,-1.024141899810297,1.0416487088337538,-1.2524271844660195,-0.1105308132240139,2
0.522278593615142,-0.1862428705265726,0.5215684349160581,-1.0040080320963851,0.681135318355027,-1.3164198392538746,-1.4744109743395646,1.174757281553398,-0.6523485251064345,2
0.9018961311929492,-0.1862428705265726,0.5215684349160581,0.9960079680956172,0.6092874959500243,-1.024141899810297,0.0352248355644263,-0.0388349514563106,-0.6523485251064345,2
0.4030525062958777,-0.8112189461190981,-0.1074183658317025,-1.0040080320963851,-0.9264597079569088,-1.608697778697452,-0.9711990377049008,-0.0388349514563106,-0.6523485251064345,2
0.3046137517239773,-0.8112189461190981,-0.1074183658317025,-1.0040080320963851,-0.3876010399193885,-1.3164198392538746,1.5448606454684175,-1.2524271844660195,-0.6523485251064345,2
-0.9927357280781368,-1.1237069839153608,-0.7301152985719855,-1.0040080320963851,1.417575498006305,1.021803676294748,-0.4679871010702372,-1.2524271844660195,1.5149223224232478,0
0.3981305685672827,-0.8112189461190981,-0.1074183658317025,-1.0040080320963851,-1.640447443106623,-1.3164198392538746,-0.9711990377049008,-0.0388349514563106,-0.6523485251064345,2
-0.9651938212138712,0.4387332050659528,-0.7364051665794632,0.9960079680956172,-1.1509841529725422,0.4372477974075923,1.5448606454684175,-1.2524271844660195,0.4312868986584066,0
0.3676564434817261,-0.8112189461190981,-0.1074183658317025,-1.0040080320963851,-0.0328524167946874,-1.608697778697452,1.0416487088337538,1.174757281553398,-0.6523485251064345,2
-1.035279072806684,-1.1237069839153608,-0.7364051665794632,-1.0040080320963851,1.3547086534019277,-1.3164198392538746,-0.9711990377049008,-1.2524271844660195,0.4312868986584066,0
-0.9151366672932664,1.6886853562510038,-0.7301152985719855,-1.0040080320963851,0.9819980746759756,-1.608697778697452,-0.4679871010702372,1.174757281553398,1.5149223224232478,0
1.8292363241959493,1.6886853562510038,2.399094035148124,0.9960079680956172,-1.721276243312251,0.7295257368511702,1.0416487088337538,-1.2524271844660195,-0.6523485251064345,1
-0.9807712305144776,-1.1237069839153608,-0.7364051665794632,0.9960079680956172,0.5329491846447088,0.4372477974075923,-1.4744109743395646,-1.2524271844660195,-1.194166236988855,2
0.7796592840928951,-1.1237069839153608,-0.4219117662055829,0.9960079680956172,1.7364002099285043,-0.731863960366719,-0.4679871010702372,-0.0388349514563106,-0.6523485251064345,2
0.3366587079995108,-0.8112189461190981,-0.1074183658317025,-1.0040080320963851,0.2994437618284498,1.021803676294748,1.5448606454684175,1.174757281553398,-0.6523485251064345,2
-1.0169788894434506,1.6886853562510038,-0.7364051665794632,-1.0040080320963851,1.660061898623189,1.021803676294748,-1.4744109743395646,-1.2524271844660195,-1.194166236988855,0
-0.8914956578841104,0.4387332050659528,-0.6986659585345976,-1.0040080320963851,0.0659383390121912,-1.608697778697452,-1.4744109743395646,-1.2524271844660195,-0.1105308132240139,0
2.160262816963797,1.6886853562510038,2.399094035148124,0.9960079680956172,-0.6615208628384613,-0.731863960366719,1.5448606454684175,-1.2524271844660195,-0.6523485251064345,1
1.237190048693568,1.6886853562510038,2.399094035148124,-1.0040080320963851,-0.5133347291281432,1.606359555181904,-0.9711990377049008,-1.2524271844660195,-0.6523485251064345,1
0.7328223341117436,0.4387332050659528,1.150555235663819,-1.0040080320963851,0.8068690075637819,1.021803676294748,-0.9711990377049008,-0.0388349514563106,-0.6523485251064345,1
0.7554684837672475,0.4387332050659528,1.150555235663819,-1.0040080320963851,1.511875764912871,1.3140816157383255,-0.9711990377049008,1.174757281553398,-0.6523485251064345,1
-0.6634633301390966,1.6886853562510038,-0.6735064865046871,0.9960079680956172,-1.8200669991191296,-1.024141899810297,-0.4679871010702372,-0.0388349514563106,-0.1105308132240139,0
-1.0363001130801692,0.4387332050659528,-0.7364051665794632,-1.0040080320963851,1.6510809208225636,1.021803676294748,-0.9711990377049008,1.174757281553398,2.0567400343056685,0
1.2392321292405384,1.6886853562510038,2.399094035148124,-1.0040080320963851,-0.9713645969600356,-1.3164198392538746,1.0416487088337538,-1.2524271844660195,-0.6523485251064345,1
-0.9289599817650652,-1.1237069839153608,-0.7301152985719855,-1.0040080320963851,-0.8725738411531567,1.606359555181904,-0.9711990377049008,1.174757281553398,-0.1105308132240139,0
0.2255224013086285,-1.1237069839153608,-0.4219117662055829,-1.0040080320963851,-0.4369964178228279,-0.1473080814795632,0.5384367721990901,-1.2524271844660195,-0.6523485251064345,2
-0.7790241446817477,0.4387332050659528,-0.6986659585345976,0.9960079680956172,1.0089410080778518,0.4372477974075923,-0.9711990377049008,-0.0388349514563106,-0.1105308132240139,0
-0.9550619600385184,-0.8112189461190981,-0.7301152985719855,0.9960079680956172,-0.8860453078540947,-1.024141899810297,0.5384367721990901,-1.2524271844660195,1.5149223224232478,0
1.2744711089356917,-0.1862428705265726,0.5215684349160581,0.9960079680956172,-0.612125484935022,-1.024141899810297,1.0416487088337538,-1.2524271844660195,-0.6523485251064345,2
-1.0378185832304805,-1.1237069839153608,-0.7364051665794632,0.9960079680956172,-0.6345779294365853,0.1449698579640145,0.0352248355644263,-0.0388349514563106,0.4312868986584066,0
-0.9323110883036833,1.6886853562510038,-0.7364051665794632,-1.0040080320963851,-0.7558211297450272,1.606359555181904,1.5448606454684175,1.174757281553398,0.4312868986584066,0
0.779816367211893,0.4387332050659528,1.150555235663819,-1.0040080320963851,-1.8110860213185045,1.021803676294748,-0.4679871010702372,-0.0388349514563106,-0.6523485251064345,1
1.722210359118841,1.6886853562510038,2.399094035148124,0.9960079680956172,-0.1226621948009409,0.4372477974075923,-0.9711990377049008,-1.2524271844660195,-0.6523485251064345,1
1.417809455021105,0.4387332050659528,1.150555235663819,0.9960079680956172,-1.1599651307731675,0.4372477974075923,-0.9711990377049008,-1.2524271844660195,-0.6523485251064345,1
-1.012737645230512,-0.8112189461190981,-0.7364051665794632,0.9960079680956172,0.2006530060215714,0.4372477974075923,1.0416487088337538,-0.0388349514563106,-1.194166236988855,2
0.268615536953668,-1.1237069839153608,-0.4219117662055829,-1.0040080320963851,-1.007288508162537,-1.3164198392538746,0.5384367721990901,1.174757281553398,-0.6523485251064345,2
1.366495636148519,0.4387332050659528,1.150555235663819,0.9960079680956172,-0.1136812170003155,0.7295257368511702,-0.4679871010702372,-0.0388349514563106,-0.6523485251064345,1
0.7291570613351304,-1.1237069839153608,-0.4219117662055829,0.9960079680956172,-1.3934705535894265,0.7295257368511702,1.0416487088337538,1.174757281553398,-0.6523485251064345,2
-0.9199277024226964,-0.8112189461190981,-0.723825430564508,0.9960079680956172,-1.09709828616879,-0.731863960366719,-1.4744109743395646,-0.0388349514563106,-0.1105308132240139,0
-0.6687779756651859,1.6886853562510038,-0.6735064865046871,0.9960079680956172,-0.3965820177200138,-0.4395860209231411,0.5384367721990901,-1.2524271844660195,-0.1105308132240139,0
1.1431758019734364,-0.1862428705265726,0.5215684349160581,0.9960079680956172,0.9819980746759756,0.7295257368511702,0.0352248355644263,1.174757281553398,-0.6523485251064345,2
0.8777576919069671,-0.8112189461190981,-0.1074183658317025,0.9960079680956172,-1.4608278870941165,-1.024141899810297,1.0416487088337538,-1.2524271844660195,-0.6523485251064345,2
1.2330797070797943,1.6886853562510038,2.399094035148124,-1.0040080320963851,0.2320864283237601,-0.1473080814795632,0.0352248355644263,-0.0388349514563106,-0.6523485251064345,1
0.8133536131179046,-0.8112189461190981,-0.1074183658317025,0.9960079680956172,-0.4010725066203265,-0.4395860209231411,1.5448606454684175,1.174757281553398,-0.6523485251064345,2
-0.9720792979299376,-0.8112189461190981,-0.7301152985719855,-1.0040080320963851,1.1122222527850432,-1.608697778697452,-0.4679871010702372,-0.0388349514563106,1.5149223224232478,0
1.3151032757164338,-0.1862428705265726,0.5215684349160581,0.9960079680956172,-0.2349244173087575,0.4372477974075923,1.5448606454684175,-1.2524271844660195,-0.6523485251064345,2
-0.979959634399656,0.4387332050659528,-0.7364051665794632,-1.0040080320963851,1.1346746972866066,1.021803676294748,-0.4679871010702372,-1.2524271844660195,-1.194166236988855,2
-0.993599685232624,-0.1862428705265726,-0.7364051665794632,-1.0040080320963851,-0.0059094833928114,-1.608697778697452,0.5384367721990901,-1.2524271844660195,2.0567400343056685,0
1.1441706617270886,1.6886853562510038,2.399094035148124,-1.0040080320963851,-1.6179949986050597,1.021803676294748,-1.4744109743395646,-1.2524271844660195,-0.6523485251064345,1
0.272437892849279,-1.1237069839153608,-0.4219117662055829,-1.0040080320963851,-0.010399972293124,-0.1473080814795632,-0.4679871010702372,-0.0388349514563106,-0.6523485251064345,2
-0.9756398486272192,-1.1237069839153608,-0.7301152985719855,0.9960079680956172,0.1557481170184447,-0.731863960366719,-0.9711990377049008,-1.2524271844660195,0.9731046105408272,0
0.5997991128405136,-0.1862428705265726,0.5215684349160581,-1.0040080320963851,-1.6449379320069355,1.606359555181904,0.5384367721990901,-1.2524271844660195,-0.6523485251064345,2
-0.955925917193006,-0.8112189461190981,-0.723825430564508,-1.0040080320963851,0.0210334500090645,1.3140816157383255,0.0352248355644263,-1.2524271844660195,-0.1105308132240139,0
-0.9720531174101044,-1.1237069839153608,-0.7301152985719855,0.9960079680956172,-0.9174787301562832,0.4372477974075923,-0.4679871010702372,1.174757281553398,1.5149223224232478,0
-0.952731893773386,-0.1862428705265726,-0.7364051665794632,0.9960079680956172,-0.7378591741437766,0.1449698579640145,1.5448606454684175,-0.0388349514563106,-1.194166236988855,2
-1.0289957480467755,0.4387332050659528,-0.7364051665794632,-1.0040080320963851,-0.4819013068259544,1.021803676294748,1.0416487088337538,1.174757281553398,2.0567400343056685,0
-0.982263520144956,-0.1862428705265726,-0.7364051665794632,0.9960079680956172,1.2693893642959868,-0.4395860209231411,1.5448606454684175,-0.0388349514563106,2.0567400343056685,0
0.9842076855477508,-0.1862428705265726,0.5215684349160581,0.9960079680956172,1.0852793193831671,-0.731863960366719,1.5448606454684175,-1.2524271844660195,-0.6523485251064345,2
0.5274623365420665,-0.1862428705265726,0.5215684349160581,-1.0040080320963851,-0.8905357967544074,1.3140816157383255,-0.9711990377049008,-1.2524271844660195,-0.6523485251064345,2
0.7259368573956771,0.4387332050659528,1.150555235663819,-1.0040080320963851,-0.5896730404334586,1.606359555181904,-0.4679871010702372,1.174757281553398,-0.6523485251064345,1
-0.9365523325166212,1.6886853562510038,-0.7301152985719855,-1.0040080320963851,1.2110130085919222,1.3140816157383255,-0.4679871010702372,1.174757281553398,1.5149223224232478,0
-1.035409975405849,-0.8112189461190981,-0.7364051665794632,0.9960079680956172,0.9146407411712856,-0.4395860209231411,-1.4744109743395646,-0.0388349514563106,2.0567400343056685,0
0.5221476910159774,-0.1862428705265726,0.5215684349160581,-1.0040080320963851,-0.7198972185425261,1.3140816157383255,1.0416487088337538,-0.0388349514563106,-0.6523485251064345,2
-0.9960344735770889,-0.1862428705265726,-0.7364051665794632,0.9960079680956172,0.4566108733393932,-0.4395860209231411,0.0352248355644263,-1.2524271844660195,-1.194166236988855,2
-0.9953275995415992,-1.1237069839153608,-0.7364051665794632,0.9960079680956172,-0.3426961509162617,0.4372477974075923,0.0352248355644263,1.174757281553398,2.0567400343056685,0
-0.8443969027046295,-0.8112189461190981,-0.723825430564508,0.9960079680956172,0.7484926518597171,-0.731863960366719,-0.4679871010702372,-0.0388349514563106,-0.1105308132240139,0
-0.9494593287942666,-0.1862428705265726,-0.7364051665794632,-1.0040080320963851,-0.1990005061062562,1.3140816157383255,0.5384367721990901,-0.0388349514563106,0.4312868986584066,0
0.3834171164211635,-0.8112189461190981,-0.1074183658317025,-1.0040080320963851,-1.5102232649975555,1.021803676294748,-0.4679871010702372,-0.0388349514563106,-0.6523485251064345,2
-0.9681260394351616,0.4387332050659528,-0.7301152985719855,0.9960079680956172,0.8023785186634692,0.1449698579640145,0.0352248355644263,-1.2524271844660195,1.5149223224232478,0
-1.0206703427398969,1.6886853562510038,-0.7364051665794632,0.9960079680956172,1.3277657200000517,-0.731863960366719,1.0416487088337538,1.174757281553398,-1.194166236988855,2
0.6809849048424983,-1.1237069839153608,-0.4219117662055829,0.9960079680956172,1.5837235873178734,0.1449698579640145,-1.4744109743395646,-1.2524271844660195,-0.6523485251064345,2
1.1960080909963342,1.6886853562510038,2.399094035148124,-1.0040080320963851,1.754362165529755,1.021803676294748,1.0416487088337538,-0.0388349514563106,-0.6523485251064345,1
1.071676802309644,-0.8112189461190981,-0.1074183658317025,0.9960079680956172,0.7889070519625312,-1.024141899810297,1.0416487088337538,-0.0388349514563106,-0.6523485251064345,2
0.2514934769829172,-1.1237069839153608,-0.4219117662055829,-1.0040080320963851,1.0224124747787895,1.021803676294748,1.5448606454684175,-1.2524271844660195,-0.6523485251064345,2
1.1929449701758783,-0.1862428705265726,0.5215684349160581,0.9960079680956172,1.1795795862897334,0.7295257368511702,-0.4679871010702372,-1.2524271844660195,-0.6523485251064345,2
0.6391484341494407,-1.1237069839153608,-0.4219117662055829,0.9960079680956172,-1.0881173083681648,0.1449698579640145,1.5448606454684175,-0.0388349514563106,-0.6523485251064345,2
-0.9489357183976076,-0.1862428705265726,-0.7301152985719855,0.9960079680956172,-1.330603708985049,0.1449698579640145,0.0352248355644263,-0.0388349514563106,0.9731046105408272,0
-0.948830996318276,1.6886853562510038,-0.7301152985719855,-1.0040080320963851,-0.0373429056950001,1.606359555181904,-0.9711990377049008,-0.0388349514563106,0.9731046105408272,0
-0.9728385330050928,1.6886853562510038,-0.7364051665794632,0.9960079680956172,1.4445184314081807,-0.731863960366719,0.0352248355644263,-1.2524271844660195,-1.194166236988855,2
-0.9761372785040447,-0.1862428705265726,-0.7364051665794632,0.9960079680956172,-0.0508143723959381,-0.731863960366719,-1.4744109743395646,-1.2524271844660195,0.4312868986584066,0
-0.9835725461366036,-1.1237069839153608,-0.7364051665794632,-1.0040080320963851,1.727419232127879,1.606359555181904,0.5384367721990901,-0.0388349514563106,2.0567400343056685,0
0.732691431512579,0.4387332050659528,1.150555235663819,-1.0040080320963851,-0.7827640631469033,-1.608697778697452,-0.9711990377049008,-1.2524271844660195,-0.6523485251064345,1
-1.035409975405849,0.4387332050659528,-0.7364051665794632,-1.0040080320963851,0.5598921180465848,1.606359555181904,-0.4679871010702372,-1.2524271844660195,-1.194166236988855,2
1.3178784108187267,-0.1862428705265726,0.5215684349160581,0.9960079680956172,-0.5941635293337713,0.4372477974075923,-1.4744109743395646,1.174757281553398,-0.6523485251064345,2
1.2712509049962388,0.4387332050659528,1.150555235663819,0.9960079680956172,1.3591991423022405,0.4372477974075923,-0.4679871010702372,-0.0388349514563106,-0.6523485251064345,1
0.3794376774065546,-0.8112189461190981,-0.1074183658317025,-1.0040080320963851,0.2994437618284498,1.606359555181904,1.0416487088337538,-1.2524271844660195,-0.6523485251064345,2
-0.9338033779341612,0.4387332050659528,-0.7301152985719855,0.9960079680956172,1.336746697800677,-1.024141899810297,1.0416487088337538,1.174757281553398,1.5149223224232478,0
-0.815022359452057,0.4387332050659528,-0.6986659585345976,0.9960079680956172,-0.6974447740409627,0.4372477974075923,0.5384367721990901,-1.2524271844660195,-0.1105308132240139,0
-0.9583607055374704,1.6886853562510038,-0.7301152985719855,-1.0040080320963851,-0.6076349960347093,1.606359555181904,1.0416487088337538,1.174757281553398,1.5149223224232478,0
-0.9734406849612508,1.6886853562510038,-0.7301152985719855,-1.0040080320963851,0.5598921180465848,-1.3164198392538746,1.0416487088337538,1.174757281553398,1.5149223224232478,0
-0.8166979127213659,1.6886853562510038,-0.6735064865046871,-1.0040080320963851,-0.1406241504021916,1.021803676294748,0.0352248355644263,1.174757281553398,-0.1105308132240139,0
0.3820557293898497,-0.8112189461190981,-0.1074183658317025,-1.0040080320963851,-1.6449379320069355,-1.3164198392538746,1.0416487088337538,-0.0388349514563106,-0.6523485251064345,2
1.5346007539959052,0.4387332050659528,1.150555235663819,0.9960079680956172,-1.5102232649975555,0.1449698579640145,-0.4679871010702372,-0.0388349514563106,-0.6523485251064345,1
0.6155074247402849,-0.1862428705265726,0.5215684349160581,-1.0040080320963851,-0.3741295732184504,-1.3164198392538746,0.5384367721990901,1.174757281553398,-0.6523485251064345,2
1.2276341589545403,1.6886853562510038,2.399094035148124,-1.0040080320963851,1.3726706090031784,-1.608697778697452,0.0352248355644263,1.174757281553398,-0.6523485251064345,1
-0.9964271813745827,0.4387332050659528,-0.7301152985719855,-1.0040080320963851,-0.1900195283056308,-0.1473080814795632,-1.4744109743395646,-1.2524271844660195,1.5149223224232478,0
-0.9609525770009328,1.6886853562510038,-0.7364051665794632,0.9960079680956172,0.5419301624453341,0.4372477974075923,-0.9711990377049008,-0.0388349514563106,2.0567400343056685,0
0.613805690951143,-0.1862428705265726,0.5215684349160581,-1.0040080320963851,0.6990972739562777,1.3140816157383255,-0.9711990377049008,-0.0388349514563106,-0.6523485251064345,2
0.7144174286691782,-0.8112189461190981,-0.1074183658317025,0.9960079680956172,0.3712915842334525,0.4372477974075923,0.5384367721990901,1.174757281553398,-0.6523485251064345,2
1.4130707809313408,0.4387332050659528,1.150555235663819,0.9960079680956172,-0.3337151731156364,-0.731863960366719,-0.9711990377049008,1.174757281553398,-0.6523485251064345,1
-0.9378875390281018,1.6886853562510038,-0.7301152985719855,-1.0040080320963851,1.6106665207197497,-1.3164198392538746,1.0416487088337538,-0.0388349514563106,1.5149223224232478,0
0.7777742866649228,0.4387332050659528,1.150555235663819,-1.0040080320963851,1.1885605640903587,-1.608697778697452,1.0416487088337538,-1.2524271844660195,-0.6523485251064345,1
2.066248570243665,1.6886853562510038,2.399094035148124,0.9960079680956172,0.3308771841306385,-1.024141899810297,1.0416487088337538,-1.2524271844660195,-0.6523485251064345,1
-0.921812699850669,0.4387332050659528,-0.7364051665794632,0.9960079680956172,1.660061898623189,0.1449698579640145,0.0352248355644263,-1.2524271844660195,2.0567400343056685,0
0.8259988041972206,-0.8112189461190981,-0.1074183658317025,0.9960079680956172,0.6946067850559651,-1.024141899810297,-1.4744109743395646,1.174757281553398,-0.6523485251064345,2
-0.9960082930572556,1.6886853562510038,-0.7301152985719855,-1.0040080320963851,0.640720918252213,1.3140816157383255,-1.4744109743395646,-1.2524271844660195,1.5149223224232478,0
-0.8748186667505199,-0.8112189461190981,-0.723825430564508,0.9960079680956172,0.1961625171212588,0.7295257368511702,-0.9711990377049008,1.174757281553398,-0.1105308132240139,0
-0.9561615418715024,0.4387332050659528,-0.7301152985719855,-1.0040080320963851,-0.3067722397137604,1.3140816157383255,-1.4744109743395646,1.174757281553398,1.5149223224232478,0
0.2385079391457729,-1.1237069839153608,-0.4219117662055829,-1.0040080320963851,-0.8635928633525314,-1.608697778697452,-0.4679871010702372,-1.2524271844660195,-0.6523485251064345,2
-0.9700895784226332,-0.1862428705265726,-0.7364051665794632,0.9960079680956172,-1.7078047766113131,-1.024141899810297,0.5384367721990901,-0.0388349514563106,-1.194166236988855,2
-0.936081083159628,1.6886853562510038,-0.7301152985719855,-1.0040080320963851,-0.4280154400222025,1.3140816157383255,0.5384367721990901,-1.2524271844660195,0.9731046105408272,0
-0.972733810925761,-0.1862428705265726,-0.7301152985719855,-1.0040080320963851,1.6825143431247522,1.606359555181904,0.0352248355644263,-0.0388349514563106,1.5149223224232478,0
1.1424951084577797,1.6886853562510038,2.399094035148124,-1.0040080320963851,0.9819980746759756,-1.608697778697452,0.5384367721990901,-0.0388349514563106,-0.6523485251064345,1
-0.882986988938401,-0.1862428705265726,-0.7112456945495528,-1.0040080320963851,1.6376094541216255,1.021803676294748,0.5384367721990901,1.174757281553398,-0.1105308132240139,0
0.3111588816822154,-0.8112189461190981,-0.1074183658317025,-1.0040080320963851,-0.4684298401250163,1.3140816157383255,0.5384367721990901,-1.2524271844660195,-0.6523485251064345,2
1.7342010372023329,1.6886853562510038,2.399094035148124,0.9960079680956172,0.7260402073581538,-0.4395860209231411,1.0416487088337538,-0.0388349514563106,-0.6523485251064345,1
0.3658761681330854,-0.8112189461190981,-0.1074183658317025,-1.0040080320963851,-0.7423496630440892,-0.1473080814795632,0.0352248355644263,1.174757281553398,-0.6523485251064345,2
-0.9654556264122004,-0.1862428705265726,-0.7364051665794632,-1.0040080320963851,0.0434858945106279,-1.3164198392538746,-1.4744109743395646,-0.0388349514563106,2.0567400343056685,0
-0.8251280401075767,0.4387332050659528,-0.6986659585345976,0.9960079680956172,-0.6345779294365853,0.7295257368511702,-0.9711990377049008,-1.2524271844660195,-0.1105308132240139,0
1.96199774026885,1.6886853562510038,2.399094035148124,0.9960079680956172,-0.5806920626328332,0.7295257368511702,1.0416487088337538,1.174757281553398,-0.6523485251064345,1
1.1666597282635949,1.6886853562510038,2.399094035148124,-1.0040080320963851,-0.4549583734240783,1.021803676294748,-0.4679871010702372,-1.2524271844660195,-0.6523485251064345,1
-0.9796978292013264,0.4387332050659528,-0.7301152985719855,0.9960079680956172,0.0210334500090645,-0.4395860209231411,0.0352248355644263,1.174757281553398,0.9731046105408272,0
-1.0352005312471853,-1.1237069839153608,-0.7364051665794632,0.9960079680956172,1.6645523875235015,-0.4395860209231411,-1.4744109743395646,1.174757281553398,0.4312868986584066,0
-1.0524796743369338,-1.1237069839153608,-0.7364051665794632,-1.0040080320963851,1.282860830996925,1.3140816157383255,0.5384367721990901,1.174757281553398,2.0567400343056685,0
0.7357545523330342,-1.1237069839153608,-0.4219117662055829,0.9960079680956172,1.1077317638847306,-0.731863960366719,-0.9711990377049008,1.174757281553398,-0.6523485251064345,2
0.3514507017051288,-0.8112189461190981,-0.1074183658317025,-1.0040080320963851,-1.6314664653059976,-1.608697778697452,1.5448606454684175,-0.0388349514563106,-0.6523485251064345,2
-0.973309782362086,-1.1237069839153608,-0.7364051665794632,-1.0040080320963851,0.4386489177381426,1.021803676294748,0.5384367721990901,-0.0388349514563106,2.0567400343056685,0
0.7703390190323642,-1.1237069839153608,-0.4219117662055829,0.9960079680956172,0.8921882966697222,0.1449698579640145,-1.4744109743395646,1.174757281553398,-0.6523485251064345,2
-0.956920776946658,-1.1237069839153608,-0.7301152985719855,-1.0040080320963851,-0.7423496630440892,-0.1473080814795632,0.5384367721990901,-1.2524271844660195,1.5149223224232478,0
1.3668621634261804,0.4387332050659528,1.150555235663819,0.9960079680956172,-1.3350941978853617,0.1449698579640145,0.0352248355644263,-0.0388349514563106,-0.6523485251064345,1
2.2422863856004365,1.6886853562510038,2.399094035148124,0.9960079680956172,0.50151576234252,-0.4395860209231411,-0.4679871010702372,1.174757281553398,-0.6523485251064345,1
-0.992002673522814,1.6886853562510038,-0.7301152985719855,0.9960079680956172,0.1422766503175067,0.7295257368511702,0.0352248355644263,1.174757281553398,0.9731046105408272,0
0.3810085085965318,-0.8112189461190981,-0.1074183658317025,-1.0040080320963851,1.4310469647072426,1.606359555181904,-0.4679871010702372,1.174757281553398,-0.6523485251064345,2
